_private.«ROOT».Algebra.Laws.0.«ROOT».Program.bind.match_1.eq_1	«ROOT».Algebra.Laws	theorem	u_1,u_2,u_3	∀ {S : «ROOT».Signature.{u_2, u_1}} {A B : Type u_1}   (motive : «ROOT».Program.{u_1, u_2} S A → (A → «ROOT».Program.{u_1, u_2} S B) → Sort u_3) (value : A)   (next : A → «ROOT».Program.{u_1, u_2} S B)   (h_1 :     (value : A) →       (next : A → «ROOT».Program.{u_1, u_2} S B) → motive (@«ROOT».Program.pure.{u_1, u_2} S A value) next)   (h_2 :     (operation : «ROOT».Signature.Op.{u_2, u_1} S) →       (rest : «ROOT».Signature.Answer.{u_2, u_1} S operation → «ROOT».Program.{u_1, u_2} S A) →         (next : A → «ROOT».Program.{u_1, u_2} S B) → motive (@«ROOT».Program.vis.{u_1, u_2} S A operation rest) next),   @Eq.{u_3} (motive (@«ROOT».Program.pure.{u_1, u_2} S A value) next)     (@«ROOT».Program.bind.match_1.{u_1, u_2, u_3} S A B motive (@«ROOT».Program.pure.{u_1, u_2} S A value) next h_1       h_2)     (h_1 value next)		
_private.«ROOT».Algebra.Laws.0.«ROOT».Program.bind.match_1.eq_2	«ROOT».Algebra.Laws	theorem	u_1,u_2,u_3	∀ {S : «ROOT».Signature.{u_2, u_1}} {A B : Type u_1}   (motive : «ROOT».Program.{u_1, u_2} S A → (A → «ROOT».Program.{u_1, u_2} S B) → Sort u_3)   (operation : «ROOT».Signature.Op.{u_2, u_1} S)   (rest : «ROOT».Signature.Answer.{u_2, u_1} S operation → «ROOT».Program.{u_1, u_2} S A)   (next : A → «ROOT».Program.{u_1, u_2} S B)   (h_1 :     (value : A) →       (next : A → «ROOT».Program.{u_1, u_2} S B) → motive (@«ROOT».Program.pure.{u_1, u_2} S A value) next)   (h_2 :     (operation : «ROOT».Signature.Op.{u_2, u_1} S) →       (rest : «ROOT».Signature.Answer.{u_2, u_1} S operation → «ROOT».Program.{u_1, u_2} S A) →         (next : A → «ROOT».Program.{u_1, u_2} S B) → motive (@«ROOT».Program.vis.{u_1, u_2} S A operation rest) next),   @Eq.{u_3} (motive (@«ROOT».Program.vis.{u_1, u_2} S A operation rest) next)     (@«ROOT».Program.bind.match_1.{u_1, u_2, u_3} S A B motive (@«ROOT».Program.vis.{u_1, u_2} S A operation rest)       next h_1 h_2)     (h_2 operation rest next)		
_private.«ROOT».Algebra.Laws.0.«ROOT».Program.bind.match_1.splitter	«ROOT».Algebra.Laws	def	u_1,u_2,u_3	{S : «ROOT».Signature.{u_2, u_1}} →   {A B : Type u_1} →     (motive : «ROOT».Program.{u_1, u_2} S A → (A → «ROOT».Program.{u_1, u_2} S B) → Sort u_3) →       (x : «ROOT».Program.{u_1, u_2} S A) →         (x_1 : A → «ROOT».Program.{u_1, u_2} S B) →           (h_1 :               (value : A) →                 (next : A → «ROOT».Program.{u_1, u_2} S B) →                   motive (@«ROOT».Program.pure.{u_1, u_2} S A value) next) →             (h_2 :                 (operation : «ROOT».Signature.Op.{u_2, u_1} S) →                   (rest : «ROOT».Signature.Answer.{u_2, u_1} S operation → «ROOT».Program.{u_1, u_2} S A) →                     (next : A → «ROOT».Program.{u_1, u_2} S B) →                       motive (@«ROOT».Program.vis.{u_1, u_2} S A operation rest) next) →               motive x x_1	@«ROOT».Program.bind.match_1.{u_1, u_2, u_3}	
_private.«ROOT».Algebra.Laws.0.«ROOT».interpret.match_1.eq_1	«ROOT».Algebra.Laws	theorem	u_1,u_2,u_3	∀ {S : «ROOT».Signature.{u_2, u_1}} {A : Type u_1} (motive : «ROOT».Program.{u_1, u_2} S A → Sort u_3) (value : A)   (h_1 : (value : A) → motive (@«ROOT».Program.pure.{u_1, u_2} S A value))   (h_2 :     (operation : «ROOT».Signature.Op.{u_2, u_1} S) →       (next : «ROOT».Signature.Answer.{u_2, u_1} S operation → «ROOT».Program.{u_1, u_2} S A) →         motive (@«ROOT».Program.vis.{u_1, u_2} S A operation next)),   @Eq.{u_3} (motive (@«ROOT».Program.pure.{u_1, u_2} S A value))     (@«ROOT».interpret.match_1.{u_1, u_2, u_3} S A motive (@«ROOT».Program.pure.{u_1, u_2} S A value) h_1 h_2)     (h_1 value)		
_private.«ROOT».Algebra.Laws.0.«ROOT».interpret.match_1.eq_2	«ROOT».Algebra.Laws	theorem	u_1,u_2,u_3	∀ {S : «ROOT».Signature.{u_2, u_1}} {A : Type u_1} (motive : «ROOT».Program.{u_1, u_2} S A → Sort u_3)   (operation : «ROOT».Signature.Op.{u_2, u_1} S)   (next : «ROOT».Signature.Answer.{u_2, u_1} S operation → «ROOT».Program.{u_1, u_2} S A)   (h_1 : (value : A) → motive (@«ROOT».Program.pure.{u_1, u_2} S A value))   (h_2 :     (operation : «ROOT».Signature.Op.{u_2, u_1} S) →       (next : «ROOT».Signature.Answer.{u_2, u_1} S operation → «ROOT».Program.{u_1, u_2} S A) →         motive (@«ROOT».Program.vis.{u_1, u_2} S A operation next)),   @Eq.{u_3} (motive (@«ROOT».Program.vis.{u_1, u_2} S A operation next))     (@«ROOT».interpret.match_1.{u_1, u_2, u_3} S A motive (@«ROOT».Program.vis.{u_1, u_2} S A operation next) h_1 h_2)     (h_2 operation next)		
_private.«ROOT».Algebra.Laws.0.«ROOT».interpret.match_1.splitter	«ROOT».Algebra.Laws	def	u_1,u_2,u_3	{S : «ROOT».Signature.{u_2, u_1}} →   {A : Type u_1} →     (motive : «ROOT».Program.{u_1, u_2} S A → Sort u_3) →       (x : «ROOT».Program.{u_1, u_2} S A) →         (h_1 : (value : A) → motive (@«ROOT».Program.pure.{u_1, u_2} S A value)) →           (h_2 :               (operation : «ROOT».Signature.Op.{u_2, u_1} S) →                 (next : «ROOT».Signature.Answer.{u_2, u_1} S operation → «ROOT».Program.{u_1, u_2} S A) →                   motive (@«ROOT».Program.vis.{u_1, u_2} S A operation next)) →             motive x	@«ROOT».interpret.match_1.{u_1, u_2, u_3}	
_private.«ROOT».Algebra.Sum.0.«ROOT».Handler.sum.match_1.eq_1	«ROOT».Algebra.Sum	theorem	u_1,u_2,u_3,u_4	∀ {S : «ROOT».Signature.{u_1, u_3}} {T : «ROOT».Signature.{u_2, u_3}}   (motive : «ROOT».Signature.Op.{max u_1 u_2, u_3} («ROOT».Signature.sum.{u_3, u_1, u_2} S T) → Sort u_4)   (operation : «ROOT».Signature.Op.{u_1, u_3} S)   (h_1 :     (operation : «ROOT».Signature.Op.{u_1, u_3} S) →       motive (@Sum.inl.{u_1, u_2} («ROOT».Signature.Op.{u_1, u_3} S) («ROOT».Signature.Op.{u_2, u_3} T) operation))   (h_2 :     (operation : «ROOT».Signature.Op.{u_2, u_3} T) →       motive (@Sum.inr.{u_1, u_2} («ROOT».Signature.Op.{u_1, u_3} S) («ROOT».Signature.Op.{u_2, u_3} T) operation)),   @Eq.{u_4}     (motive (@Sum.inl.{u_1, u_2} («ROOT».Signature.Op.{u_1, u_3} S) («ROOT».Signature.Op.{u_2, u_3} T) operation))     (@«ROOT».Handler.sum.match_1.{u_1, u_2, u_3, u_4} S T motive       (@Sum.inl.{u_1, u_2} («ROOT».Signature.Op.{u_1, u_3} S) («ROOT».Signature.Op.{u_2, u_3} T) operation) h_1 h_2)     (h_1 operation)		
_private.«ROOT».Algebra.Sum.0.«ROOT».Handler.sum.match_1.eq_2	«ROOT».Algebra.Sum	theorem	u_1,u_2,u_3,u_4	∀ {S : «ROOT».Signature.{u_1, u_3}} {T : «ROOT».Signature.{u_2, u_3}}   (motive : «ROOT».Signature.Op.{max u_1 u_2, u_3} («ROOT».Signature.sum.{u_3, u_1, u_2} S T) → Sort u_4)   (operation : «ROOT».Signature.Op.{u_2, u_3} T)   (h_1 :     (operation : «ROOT».Signature.Op.{u_1, u_3} S) →       motive (@Sum.inl.{u_1, u_2} («ROOT».Signature.Op.{u_1, u_3} S) («ROOT».Signature.Op.{u_2, u_3} T) operation))   (h_2 :     (operation : «ROOT».Signature.Op.{u_2, u_3} T) →       motive (@Sum.inr.{u_1, u_2} («ROOT».Signature.Op.{u_1, u_3} S) («ROOT».Signature.Op.{u_2, u_3} T) operation)),   @Eq.{u_4}     (motive (@Sum.inr.{u_1, u_2} («ROOT».Signature.Op.{u_1, u_3} S) («ROOT».Signature.Op.{u_2, u_3} T) operation))     (@«ROOT».Handler.sum.match_1.{u_1, u_2, u_3, u_4} S T motive       (@Sum.inr.{u_1, u_2} («ROOT».Signature.Op.{u_1, u_3} S) («ROOT».Signature.Op.{u_2, u_3} T) operation) h_1 h_2)     (h_2 operation)		
_private.«ROOT».Algebra.Sum.0.«ROOT».Handler.sum.match_1.splitter	«ROOT».Algebra.Sum	def	u_1,u_2,u_3,u_4	{S : «ROOT».Signature.{u_1, u_3}} →   {T : «ROOT».Signature.{u_2, u_3}} →     (motive : «ROOT».Signature.Op.{max u_1 u_2, u_3} («ROOT».Signature.sum.{u_3, u_1, u_2} S T) → Sort u_4) →       (x : «ROOT».Signature.Op.{max u_1 u_2, u_3} («ROOT».Signature.sum.{u_3, u_1, u_2} S T)) →         (h_1 :             (operation : «ROOT».Signature.Op.{u_1, u_3} S) →               motive                 (@Sum.inl.{u_1, u_2} («ROOT».Signature.Op.{u_1, u_3} S) («ROOT».Signature.Op.{u_2, u_3} T)                   operation)) →           (h_2 :               (operation : «ROOT».Signature.Op.{u_2, u_3} T) →                 motive                   (@Sum.inr.{u_1, u_2} («ROOT».Signature.Op.{u_1, u_3} S) («ROOT».Signature.Op.{u_2, u_3} T)                     operation)) →             motive x	@«ROOT».Handler.sum.match_1.{u_1, u_2, u_3, u_4}	
_private.«ROOT».Algebra.Sum.0.«ROOT».Program.inl.match_1.eq_1	«ROOT».Algebra.Sum	theorem	u_1,u_2,u_3	∀ {S : «ROOT».Signature.{u_2, u_1}} {A : Type u_1} (motive : «ROOT».Program.{u_1, u_2} S A → Sort u_3) (value : A)   (h_1 : (value : A) → motive (@«ROOT».Program.pure.{u_1, u_2} S A value))   (h_2 :     (operation : «ROOT».Signature.Op.{u_2, u_1} S) →       (next : «ROOT».Signature.Answer.{u_2, u_1} S operation → «ROOT».Program.{u_1, u_2} S A) →         motive (@«ROOT».Program.vis.{u_1, u_2} S A operation next)),   @Eq.{u_3} (motive (@«ROOT».Program.pure.{u_1, u_2} S A value))     (@«ROOT».Program.inl.match_1.{u_1, u_2, u_3} S A motive (@«ROOT».Program.pure.{u_1, u_2} S A value) h_1 h_2)     (h_1 value)		
_private.«ROOT».Algebra.Sum.0.«ROOT».Program.inl.match_1.eq_2	«ROOT».Algebra.Sum	theorem	u_1,u_2,u_3	∀ {S : «ROOT».Signature.{u_2, u_1}} {A : Type u_1} (motive : «ROOT».Program.{u_1, u_2} S A → Sort u_3)   (operation : «ROOT».Signature.Op.{u_2, u_1} S)   (next : «ROOT».Signature.Answer.{u_2, u_1} S operation → «ROOT».Program.{u_1, u_2} S A)   (h_1 : (value : A) → motive (@«ROOT».Program.pure.{u_1, u_2} S A value))   (h_2 :     (operation : «ROOT».Signature.Op.{u_2, u_1} S) →       (next : «ROOT».Signature.Answer.{u_2, u_1} S operation → «ROOT».Program.{u_1, u_2} S A) →         motive (@«ROOT».Program.vis.{u_1, u_2} S A operation next)),   @Eq.{u_3} (motive (@«ROOT».Program.vis.{u_1, u_2} S A operation next))     (@«ROOT».Program.inl.match_1.{u_1, u_2, u_3} S A motive (@«ROOT».Program.vis.{u_1, u_2} S A operation next) h_1       h_2)     (h_2 operation next)		
_private.«ROOT».Algebra.Sum.0.«ROOT».Program.inl.match_1.splitter	«ROOT».Algebra.Sum	def	u_1,u_2,u_3	{S : «ROOT».Signature.{u_2, u_1}} →   {A : Type u_1} →     (motive : «ROOT».Program.{u_1, u_2} S A → Sort u_3) →       (x : «ROOT».Program.{u_1, u_2} S A) →         (h_1 : (value : A) → motive (@«ROOT».Program.pure.{u_1, u_2} S A value)) →           (h_2 :               (operation : «ROOT».Signature.Op.{u_2, u_1} S) →                 (next : «ROOT».Signature.Answer.{u_2, u_1} S operation → «ROOT».Program.{u_1, u_2} S A) →                   motive (@«ROOT».Program.vis.{u_1, u_2} S A operation next)) →             motive x	@«ROOT».Program.inl.match_1.{u_1, u_2, u_3}	
«ROOT».BindAssoc	«ROOT».Algebra.MonadLaws	def	u,v	(M : Type u → Type v) → [Monad.{u, v} M] → Prop	fun (M : Type u → Type v) [inst : Monad.{u, v} M] =>   ∀ {A B C : Type u} (value : M A) (next : A → M B) (last : B → M C),     @Eq.{v + 1} (M C)       (@Bind.bind.{u, v} M (@Monad.toBind.{u, v} M inst) B C         (@Bind.bind.{u, v} M (@Monad.toBind.{u, v} M inst) A B value next) last)       (@Bind.bind.{u, v} M (@Monad.toBind.{u, v} M inst) A C value fun (result : A) =>         @Bind.bind.{u, v} M (@Monad.toBind.{u, v} M inst) B C (next result) last)	
«ROOT».Handler	«ROOT».Algebra.Handler	inductive	uAns,uOp,uTarget	(signature : «ROOT».Signature.{uOp, uAns}) → (M : Type uAns → Type uTarget) → Type (max uOp uTarget)		
«ROOT».Handler._sizeOf_1	«ROOT».Algebra.Handler	def	uAns,uOp,uTarget	{signature : «ROOT».Signature.{uOp, uAns}} →   {M : Type uAns → Type uTarget} →     [(a : Type uAns) → SizeOf.{uTarget + 1} (M a)] → (t : «ROOT».Handler.{uAns, uOp, uTarget} signature M) → Nat	fun {signature : «ROOT».Signature.{uOp, uAns}} {M : Type uAns → Type uTarget}     [(a : Type uAns) → SizeOf.{uTarget + 1} (M a)] (t : «ROOT».Handler.{uAns, uOp, uTarget} signature M) =>   @«ROOT».Handler.rec.{1, uAns, uOp, uTarget} signature M     (fun (t : «ROOT».Handler.{uAns, uOp, uTarget} signature M) => Nat)     (fun         (handle :           (operation : «ROOT».Signature.Op.{uOp, uAns} signature) →             M («ROOT».Signature.Answer.{uOp, uAns} signature operation)) =>       @OfNat.ofNat.{0} Nat (nat_lit 1) (instOfNatNat (nat_lit 1)))     t	
«ROOT».Handler._sizeOf_inst	«ROOT».Algebra.Handler	def	uAns,uOp,uTarget	(signature : «ROOT».Signature.{uOp, uAns}) →   (M : Type uAns → Type uTarget) →     [(a : Type uAns) → SizeOf.{uTarget + 1} (M a)] →       SizeOf.{max (uOp + 1) (uTarget + 1)} («ROOT».Handler.{uAns, uOp, uTarget} signature M)	fun (signature : «ROOT».Signature.{uOp, uAns}) (M : Type uAns → Type uTarget)     [inst : (a : Type uAns) → SizeOf.{uTarget + 1} (M a)] =>   @SizeOf.mk.{max (uOp + 1) (uTarget + 1)} («ROOT».Handler.{uAns, uOp, uTarget} signature M)     fun (m : «ROOT».Handler.{uAns, uOp, uTarget} signature M) =>     @«ROOT».Handler._sizeOf_1.{uAns, uOp, uTarget} signature M inst m	
«ROOT».Handler.casesOn	«ROOT».Algebra.Handler	def	u,uAns,uOp,uTarget	{signature : «ROOT».Signature.{uOp, uAns}} →   {M : Type uAns → Type uTarget} →     {motive : (t : «ROOT».Handler.{uAns, uOp, uTarget} signature M) → Sort u} →       (t : «ROOT».Handler.{uAns, uOp, uTarget} signature M) →         (mk :             (handle :                 (operation : «ROOT».Signature.Op.{uOp, uAns} signature) →                   M («ROOT».Signature.Answer.{uOp, uAns} signature operation)) →               motive (@«ROOT».Handler.mk.{uAns, uOp, uTarget} signature M handle)) →           motive t	fun {signature : «ROOT».Signature.{uOp, uAns}} {M : Type uAns → Type uTarget}     {motive : (t : «ROOT».Handler.{uAns, uOp, uTarget} signature M) → Sort u}     (t : «ROOT».Handler.{uAns, uOp, uTarget} signature M)     (mk :       (handle :           (operation : «ROOT».Signature.Op.{uOp, uAns} signature) →             M («ROOT».Signature.Answer.{uOp, uAns} signature operation)) →         motive (@«ROOT».Handler.mk.{uAns, uOp, uTarget} signature M handle)) =>   @«ROOT».Handler.rec.{u, uAns, uOp, uTarget} signature M motive     (fun         (handle :           (operation : «ROOT».Signature.Op.{uOp, uAns} signature) →             M («ROOT».Signature.Answer.{uOp, uAns} signature operation)) =>       mk handle)     t	
«ROOT».Handler.ctorIdx	«ROOT».Algebra.Handler	def	uAns,uOp,uTarget	{signature : «ROOT».Signature.{uOp, uAns}} →   {M : Type uAns → Type uTarget} → «ROOT».Handler.{uAns, uOp, uTarget} signature M → Nat	fun {signature : «ROOT».Signature.{uOp, uAns}} {M : Type uAns → Type uTarget}     (x : «ROOT».Handler.{uAns, uOp, uTarget} signature M) =>   nat_lit 0	
«ROOT».Handler.ext	«ROOT».Algebra.Handler	theorem	u_1,u_2,u_3	∀ {S : «ROOT».Signature.{u_1, u_2}} {M : Type u_2 → Type u_3} {left right : «ROOT».Handler.{u_2, u_1, u_3} S M}   (equal :     ∀ (operation : «ROOT».Signature.Op.{u_1, u_2} S),       @Eq.{u_3 + 1} (M («ROOT».Signature.Answer.{u_1, u_2} S operation))         (@«ROOT».Handler.handle.{u_2, u_1, u_3} S M left operation)         (@«ROOT».Handler.handle.{u_2, u_1, u_3} S M right operation)),   @Eq.{max (u_3 + 1) (u_1 + 1)} («ROOT».Handler.{u_2, u_1, u_3} S M) left right		Quot.sound
«ROOT».Handler.ext_iff	«ROOT».Algebra.Handler	theorem	u_1,u_2,u_3	∀ {S : «ROOT».Signature.{u_1, u_2}} {M : Type u_2 → Type u_3} {left right : «ROOT».Handler.{u_2, u_1, u_3} S M},   Iff (@Eq.{max (u_3 + 1) (u_1 + 1)} («ROOT».Handler.{u_2, u_1, u_3} S M) left right)     (∀ (operation : «ROOT».Signature.Op.{u_1, u_2} S),       @Eq.{u_3 + 1} (M («ROOT».Signature.Answer.{u_1, u_2} S operation))         (@«ROOT».Handler.handle.{u_2, u_1, u_3} S M left operation)         (@«ROOT».Handler.handle.{u_2, u_1, u_3} S M right operation))		Quot.sound
«ROOT».Handler.handle	«ROOT».Algebra.Handler	def	uAns,uOp,uTarget	{signature : «ROOT».Signature.{uOp, uAns}} →   {M : Type uAns → Type uTarget} →     (self : «ROOT».Handler.{uAns, uOp, uTarget} signature M) →       (operation : «ROOT».Signature.Op.{uOp, uAns} signature) →         M («ROOT».Signature.Answer.{uOp, uAns} signature operation)	fun (signature : «ROOT».Signature.{uOp, uAns}) (M : Type uAns → Type uTarget)     (self : «ROOT».Handler.{uAns, uOp, uTarget} signature M) =>   self.1	
«ROOT».Handler.mk	«ROOT».Algebra.Handler	ctor	uAns,uOp,uTarget	{signature : «ROOT».Signature.{uOp, uAns}} →   {M : Type uAns → Type uTarget} →     (handle :         (operation : «ROOT».Signature.Op.{uOp, uAns} signature) →           M («ROOT».Signature.Answer.{uOp, uAns} signature operation)) →       «ROOT».Handler.{uAns, uOp, uTarget} signature M		
«ROOT».Handler.mk._flat_ctor	«ROOT».Algebra.Handler	def	uAns,uOp,uTarget	{signature : «ROOT».Signature.{uOp, uAns}} →   {M : Type uAns → Type uTarget} →     (handle :         (operation : «ROOT».Signature.Op.{uOp, uAns} signature) →           M («ROOT».Signature.Answer.{uOp, uAns} signature operation)) →       «ROOT».Handler.{uAns, uOp, uTarget} signature M	fun (signature : «ROOT».Signature.{uOp, uAns}) (M : Type uAns → Type uTarget)     (handle :       (operation : «ROOT».Signature.Op.{uOp, uAns} signature) →         M («ROOT».Signature.Answer.{uOp, uAns} signature operation)) =>   @«ROOT».Handler.mk.{uAns, uOp, uTarget} signature M handle	
«ROOT».Handler.mk.inj	«ROOT».Algebra.Handler	theorem	uAns,uOp,uTarget	∀ {signature : «ROOT».Signature.{uOp, uAns}} {M : Type uAns → Type uTarget}   {handle handle_1 :     (operation : «ROOT».Signature.Op.{uOp, uAns} signature) →       M («ROOT».Signature.Answer.{uOp, uAns} signature operation)},   @Eq.{max (uOp + 1) (uTarget + 1)} («ROOT».Handler.{uAns, uOp, uTarget} signature M)       (@«ROOT».Handler.mk.{uAns, uOp, uTarget} signature M handle)       (@«ROOT».Handler.mk.{uAns, uOp, uTarget} signature M handle_1) →     @Eq.{max (uOp + 1) (uTarget + 1)}       ((operation : «ROOT».Signature.Op.{uOp, uAns} signature) →         M («ROOT».Signature.Answer.{uOp, uAns} signature operation))       handle handle_1		
«ROOT».Handler.mk.injEq	«ROOT».Algebra.Handler	theorem	uAns,uOp,uTarget	∀ {signature : «ROOT».Signature.{uOp, uAns}} {M : Type uAns → Type uTarget}   (handle handle_1 :     (operation : «ROOT».Signature.Op.{uOp, uAns} signature) →       M («ROOT».Signature.Answer.{uOp, uAns} signature operation)),   @Eq.{1} Prop     (@Eq.{max (uOp + 1) (uTarget + 1)} («ROOT».Handler.{uAns, uOp, uTarget} signature M)       (@«ROOT».Handler.mk.{uAns, uOp, uTarget} signature M handle)       (@«ROOT».Handler.mk.{uAns, uOp, uTarget} signature M handle_1))     (@Eq.{max (uOp + 1) (uTarget + 1)}       ((operation : «ROOT».Signature.Op.{uOp, uAns} signature) →         M («ROOT».Signature.Answer.{uOp, uAns} signature operation))       handle handle_1)		propext
«ROOT».Handler.mk.noConfusion	«ROOT».Algebra.Handler	def	u,uAns,uOp,uTarget	{signature : «ROOT».Signature.{uOp, uAns}} →   {M : Type uAns → Type uTarget} →     {P : Sort u} →       {handle handle' :           (operation : «ROOT».Signature.Op.{uOp, uAns} signature) →             M («ROOT».Signature.Answer.{uOp, uAns} signature operation)} →         (eq :             @Eq.{max (uOp + 1) (uTarget + 1)} («ROOT».Handler.{uAns, uOp, uTarget} signature M)               (@«ROOT».Handler.mk.{uAns, uOp, uTarget} signature M handle)               (@«ROOT».Handler.mk.{uAns, uOp, uTarget} signature M handle')) →           (k :               (handle_eq :                   @HEq.{max (uOp + 1) (uTarget + 1)}                     ((operation : «ROOT».Signature.Op.{uOp, uAns} signature) →                       M («ROOT».Signature.Answer.{uOp, uAns} signature operation))                     handle                     ((operation : «ROOT».Signature.Op.{uOp, uAns} signature) →                       M («ROOT».Signature.Answer.{uOp, uAns} signature operation))                     handle') →                 P) →             P	fun {signature : «ROOT».Signature.{uOp, uAns}} {M : Type uAns → Type uTarget} {P : Sort u}     {handle handle' :       (operation : «ROOT».Signature.Op.{uOp, uAns} signature) →         M («ROOT».Signature.Answer.{uOp, uAns} signature operation)}     (eq :       @Eq.{max (uOp + 1) (uTarget + 1)} («ROOT».Handler.{uAns, uOp, uTarget} signature M)         (@«ROOT».Handler.mk.{uAns, uOp, uTarget} signature M handle)         (@«ROOT».Handler.mk.{uAns, uOp, uTarget} signature M handle'))     (k :       (handle_eq :           @HEq.{max (uOp + 1) (uTarget + 1)}             ((operation : «ROOT».Signature.Op.{uOp, uAns} signature) →               M («ROOT».Signature.Answer.{uOp, uAns} signature operation))             handle             ((operation : «ROOT».Signature.Op.{uOp, uAns} signature) →               M («ROOT».Signature.Answer.{uOp, uAns} signature operation))             handle') →         P) =>   @id.{u} P     (@«ROOT».Handler.noConfusion.{u, uAns, uOp, uTarget} P signature M       (@«ROOT».Handler.mk.{uAns, uOp, uTarget} signature M handle) signature M       (@«ROOT».Handler.mk.{uAns, uOp, uTarget} signature M handle')       (@Eq.refl.{max (uAns + 2) (uOp + 2)} «ROOT».Signature.{uOp, uAns} signature)       (@Eq.refl.{max (uAns + 2) (uTarget + 2)} (Type uAns → Type uTarget) M)       (@heq_of_eq.{max (uOp + 1) (uTarget + 1)} («ROOT».Handler.{uAns, uOp, uTarget} signature M)         (@«ROOT».Handler.mk.{uAns, uOp, uTarget} signature M handle)         (@«ROOT».Handler.mk.{uAns, uOp, uTarget} signature M handle') eq)       k)	
«ROOT».Handler.mk.sizeOf_spec	«ROOT».Algebra.Handler	theorem	uAns,uOp,uTarget	∀ {signature : «ROOT».Signature.{uOp, uAns}} {M : Type uAns → Type uTarget}   [inst : (a : Type uAns) → SizeOf.{uTarget + 1} (M a)]   (handle :     (operation : «ROOT».Signature.Op.{uOp, uAns} signature) →       M («ROOT».Signature.Answer.{uOp, uAns} signature operation)),   @Eq.{1} Nat     (@SizeOf.sizeOf.{max (uOp + 1) (uTarget + 1)} («ROOT».Handler.{uAns, uOp, uTarget} signature M)       (@«ROOT».Handler._sizeOf_inst.{uAns, uOp, uTarget} signature M inst)       (@«ROOT».Handler.mk.{uAns, uOp, uTarget} signature M handle))     (@OfNat.ofNat.{0} Nat (nat_lit 1) (instOfNatNat (nat_lit 1)))		
«ROOT».Handler.noConfusion	«ROOT».Algebra.Handler	def	u,uAns,uOp,uTarget	{P : Sort u} →   {signature : «ROOT».Signature.{uOp, uAns}} →     {M : Type uAns → Type uTarget} →       {t : «ROOT».Handler.{uAns, uOp, uTarget} signature M} →         {signature' : «ROOT».Signature.{uOp, uAns}} →           {M' : Type uAns → Type uTarget} →             {t' : «ROOT».Handler.{uAns, uOp, uTarget} signature' M'} →               (eq_1 : @Eq.{max (uAns + 2) (uOp + 2)} «ROOT».Signature.{uOp, uAns} signature signature') →                 (eq_2 : @Eq.{max (uAns + 2) (uTarget + 2)} (Type uAns → Type uTarget) M M') →                   (eq_3 :                       @HEq.{max (uOp + 1) (uTarget + 1)} («ROOT».Handler.{uAns, uOp, uTarget} signature M) t                         («ROOT».Handler.{uAns, uOp, uTarget} signature' M') t') →                     @«ROOT».Handler.noConfusionType.{u, uAns, uOp, uTarget} P signature M t signature' M' t'	fun {P : Sort u} {signature : «ROOT».Signature.{uOp, uAns}} {M : Type uAns → Type uTarget}     {t : «ROOT».Handler.{uAns, uOp, uTarget} signature M} {signature' : «ROOT».Signature.{uOp, uAns}}     {M' : Type uAns → Type uTarget} {t' : «ROOT».Handler.{uAns, uOp, uTarget} signature' M'}     (eq_1 : @Eq.{max (uAns + 2) (uOp + 2)} «ROOT».Signature.{uOp, uAns} signature signature')     (eq_2 : @Eq.{max (uAns + 2) (uTarget + 2)} (Type uAns → Type uTarget) M M')     (eq_3 :       @HEq.{max (uOp + 1) (uTarget + 1)} («ROOT».Handler.{uAns, uOp, uTarget} signature M) t         («ROOT».Handler.{uAns, uOp, uTarget} signature' M') t') =>   @Eq.ndrec.{imax (max (uOp + 1) (uTarget + 1)) u, max (uAns + 2) (uOp + 2)} «ROOT».Signature.{uOp, uAns} signature     (fun {signature' : «ROOT».Signature.{uOp, uAns}} =>       {t' : «ROOT».Handler.{uAns, uOp, uTarget} signature' M'} →         (eq_3 :             @HEq.{max (uOp + 1) (uTarget + 1)} («ROOT».Handler.{uAns, uOp, uTarget} signature M) t               («ROOT».Handler.{uAns, uOp, uTarget} signature' M') t') →           @«ROOT».Handler.noConfusionType.{u, uAns, uOp, uTarget} P signature M t signature' M' t')     (fun {t' : «ROOT».Handler.{uAns, uOp, uTarget} signature M'}         (eq_3 :           @HEq.{max (uOp + 1) (uTarget + 1)} («ROOT».Handler.{uAns, uOp, uTarget} signature M) t             («ROOT».Handler.{uAns, uOp, uTarget} signature M') t') =>       @Eq.ndrec.{imax (max (uOp + 1) (uTarget + 1)) u, max (uAns + 2) (uTarget + 2)} (Type uAns → Type uTarget) M         (fun {M' : Type uAns → Type uTarget} =>           {t' : «ROOT».Handler.{uAns, uOp, uTarget} signature M'} →             (eq_3 :                 @HEq.{max (uOp + 1) (uTarget + 1)} («ROOT».Handler.{uAns, uOp, uTarget} signature M) t                   («ROOT».Handler.{uAns, uOp, uTarget} signature M') t') →               @«ROOT».Handler.noConfusionType.{u, uAns, uOp, uTarget} P signature M t signature M' t')         (fun {t' : «ROOT».Handler.{uAns, uOp, uTarget} signature M}             (eq_3 :               @HEq.{max (uOp + 1) (uTarget + 1)} («ROOT».Handler.{uAns, uOp, uTarget} signature M) t                 («ROOT».Handler.{uAns, uOp, uTarget} signature M) t') =>           @Eq.ndrec.{u, max (uOp + 1) (uTarget + 1)} («ROOT».Handler.{uAns, uOp, uTarget} signature M) t             (fun {t' : «ROOT».Handler.{uAns, uOp, uTarget} signature M} =>               @«ROOT».Handler.noConfusionType.{u, uAns, uOp, uTarget} P signature M t signature M t')             (@«ROOT».Handler.casesOn.{u, uAns, uOp, uTarget} signature M               (fun {t : «ROOT».Handler.{uAns, uOp, uTarget} signature M} =>                 @«ROOT».Handler.noConfusionType.{u, uAns, uOp, uTarget} P signature M t signature M t)               t               fun                 (handle :                   (operation : «ROOT».Signature.Op.{uOp, uAns} signature) →                     M («ROOT».Signature.Answer.{uOp, uAns} signature operation))                 (k :                   (handle_eq :                       @HEq.{max (uOp + 1) (uTarget + 1)}                         ((operation : «ROOT».Signature.Op.{uOp, uAns} signature) →                           M («ROOT».Signature.Answer.{uOp, uAns} signature operation))                         handle                         ((operation : «ROOT».Signature.Op.{uOp, uAns} signature) →                           M («ROOT».Signature.Answer.{uOp, uAns} signature operation))                         handle) →                     P) =>               k                 (@HEq.refl.{max (uOp + 1) (uTarget + 1)}                   ((operation : «ROOT».Signature.Op.{uOp, uAns} signature) →                     M («ROOT».Signature.Answer.{uOp, uAns} signature operation))                   handle))             t' (@eq_of_heq.{max (uOp + 1) (uTarget + 1)} («ROOT».Handler.{uAns, uOp, uTarget} signature M) t t' eq_3))         M' eq_2 t' eq_3)     signature' eq_1 t' eq_3	
«ROOT».Handler.noConfusionType	«ROOT».Algebra.Handler	def	u,uAns,uOp,uTarget	(P : Sort u) →   {signature : «ROOT».Signature.{uOp, uAns}} →     {M : Type uAns → Type uTarget} →       (t : «ROOT».Handler.{uAns, uOp, uTarget} signature M) →         {signature' : «ROOT».Signature.{uOp, uAns}} →           {M' : Type uAns → Type uTarget} → (t' : «ROOT».Handler.{uAns, uOp, uTarget} signature' M') → Sort u	fun (P : Sort u) {signature : «ROOT».Signature.{uOp, uAns}} {M : Type uAns → Type uTarget}     (t : «ROOT».Handler.{uAns, uOp, uTarget} signature M) {signature' : «ROOT».Signature.{uOp, uAns}}     {M' : Type uAns → Type uTarget} (t' : «ROOT».Handler.{uAns, uOp, uTarget} signature' M') =>   @«ROOT».Handler.casesOn.{u + 1, uAns, uOp, uTarget} signature M     (fun (t : «ROOT».Handler.{uAns, uOp, uTarget} signature M) => Sort u) t     fun       (handle :         (operation : «ROOT».Signature.Op.{uOp, uAns} signature) →           M («ROOT».Signature.Answer.{uOp, uAns} signature operation)) =>     @«ROOT».Handler.casesOn.{u + 1, uAns, uOp, uTarget} signature' M'       (fun (t : «ROOT».Handler.{uAns, uOp, uTarget} signature' M') => Sort u) t'       fun         (handle_1 :           (operation : «ROOT».Signature.Op.{uOp, uAns} signature') →             M' («ROOT».Signature.Answer.{uOp, uAns} signature' operation)) =>       ((handle_eq :             @HEq.{max (uOp + 1) (uTarget + 1)}               ((operation : «ROOT».Signature.Op.{uOp, uAns} signature) →                 M («ROOT».Signature.Answer.{uOp, uAns} signature operation))               handle               ((operation : «ROOT».Signature.Op.{uOp, uAns} signature') →                 M' («ROOT».Signature.Answer.{uOp, uAns} signature' operation))               handle_1) →           P) →         P	
«ROOT».Handler.rec	«ROOT».Algebra.Handler	recursor	u,uAns,uOp,uTarget	{signature : «ROOT».Signature.{uOp, uAns}} →   {M : Type uAns → Type uTarget} →     {motive : (t : «ROOT».Handler.{uAns, uOp, uTarget} signature M) → Sort u} →       (mk :           (handle :               (operation : «ROOT».Signature.Op.{uOp, uAns} signature) →                 M («ROOT».Signature.Answer.{uOp, uAns} signature operation)) →             motive (@«ROOT».Handler.mk.{uAns, uOp, uTarget} signature M handle)) →         (t : «ROOT».Handler.{uAns, uOp, uTarget} signature M) → motive t		
«ROOT».Handler.recOn	«ROOT».Algebra.Handler	def	u,uAns,uOp,uTarget	{signature : «ROOT».Signature.{uOp, uAns}} →   {M : Type uAns → Type uTarget} →     {motive : (t : «ROOT».Handler.{uAns, uOp, uTarget} signature M) → Sort u} →       (t : «ROOT».Handler.{uAns, uOp, uTarget} signature M) →         (mk :             (handle :                 (operation : «ROOT».Signature.Op.{uOp, uAns} signature) →                   M («ROOT».Signature.Answer.{uOp, uAns} signature operation)) →               motive (@«ROOT».Handler.mk.{uAns, uOp, uTarget} signature M handle)) →           motive t	fun {signature : «ROOT».Signature.{uOp, uAns}} {M : Type uAns → Type uTarget}     {motive : (t : «ROOT».Handler.{uAns, uOp, uTarget} signature M) → Sort u}     (t : «ROOT».Handler.{uAns, uOp, uTarget} signature M)     (mk :       (handle :           (operation : «ROOT».Signature.Op.{uOp, uAns} signature) →             M («ROOT».Signature.Answer.{uOp, uAns} signature operation)) →         motive (@«ROOT».Handler.mk.{uAns, uOp, uTarget} signature M handle)) =>   @«ROOT».Handler.rec.{u, uAns, uOp, uTarget} signature M motive mk t	
«ROOT».Handler.sum	«ROOT».Algebra.Handler	def	u_1,u_2,u_3,u_4	{S : «ROOT».Signature.{u_1, u_2}} →   {M : Type u_2 → Type u_3} →     {T : «ROOT».Signature.{u_4, u_2}} →       (left : «ROOT».Handler.{u_2, u_1, u_3} S M) →         (right : «ROOT».Handler.{u_2, u_4, u_3} T M) →           «ROOT».Handler.{u_2, max u_4 u_1, u_3} («ROOT».Signature.sum.{u_2, u_1, u_4} S T) M	fun {S : «ROOT».Signature.{u_1, u_2}} {M : Type u_2 → Type u_3} {T : «ROOT».Signature.{u_4, u_2}}     (left : «ROOT».Handler.{u_2, u_1, u_3} S M) (right : «ROOT».Handler.{u_2, u_4, u_3} T M) =>   @«ROOT».Handler.mk.{u_2, max u_1 u_4, u_3} («ROOT».Signature.sum.{u_2, u_1, u_4} S T) M     fun (x : «ROOT».Signature.Op.{max u_1 u_4, u_2} («ROOT».Signature.sum.{u_2, u_1, u_4} S T)) =>     @«ROOT».Handler.sum.match_1.{u_1, u_4, u_2, u_3 + 1} S T       (fun (x : «ROOT».Signature.Op.{max u_1 u_4, u_2} («ROOT».Signature.sum.{u_2, u_1, u_4} S T)) =>         M («ROOT».Signature.Answer.{max u_1 u_4, u_2} («ROOT».Signature.sum.{u_2, u_1, u_4} S T) x))       x       (fun (operation : «ROOT».Signature.Op.{u_1, u_2} S) =>         @«ROOT».Handler.handle.{u_2, u_1, u_3} S M left operation)       fun (operation : «ROOT».Signature.Op.{u_4, u_2} T) => @«ROOT».Handler.handle.{u_2, u_4, u_3} T M right operation	
«ROOT».Handler.sum.eq_1	«ROOT».Algebra.Sum	theorem	u_1,u_2,u_3,u_4	∀ {S : «ROOT».Signature.{u_1, u_2}} {M : Type u_2 → Type u_3} {T : «ROOT».Signature.{u_4, u_2}}   (left : «ROOT».Handler.{u_2, u_1, u_3} S M) (right : «ROOT».Handler.{u_2, u_4, u_3} T M),   @Eq.{max ((max u_4 u_1) + 1) (u_3 + 1)}     («ROOT».Handler.{u_2, max u_4 u_1, u_3} («ROOT».Signature.sum.{u_2, u_1, u_4} S T) M)     (@«ROOT».Handler.sum.{u_1, u_2, u_3, u_4} S M T left right)     (@«ROOT».Handler.mk.{u_2, max u_1 u_4, u_3} («ROOT».Signature.sum.{u_2, u_1, u_4} S T) M       fun (x : «ROOT».Signature.Op.{max u_1 u_4, u_2} («ROOT».Signature.sum.{u_2, u_1, u_4} S T)) =>       @«ROOT».Handler.sum.match_1.{u_1, u_4, u_2, u_3 + 1} S T         (fun (x : «ROOT».Signature.Op.{max u_1 u_4, u_2} («ROOT».Signature.sum.{u_2, u_1, u_4} S T)) =>           M («ROOT».Signature.Answer.{max u_1 u_4, u_2} («ROOT».Signature.sum.{u_2, u_1, u_4} S T) x))         x         (fun (operation : «ROOT».Signature.Op.{u_1, u_2} S) =>           @«ROOT».Handler.handle.{u_2, u_1, u_3} S M left operation)         fun (operation : «ROOT».Signature.Op.{u_4, u_2} T) =>         @«ROOT».Handler.handle.{u_2, u_4, u_3} T M right operation)		
«ROOT».Handler.sum.match_1	«ROOT».Algebra.Handler	def	u_1,u_2,u_3,u_4	{S : «ROOT».Signature.{u_1, u_3}} →   {T : «ROOT».Signature.{u_2, u_3}} →     (motive : «ROOT».Signature.Op.{max u_1 u_2, u_3} («ROOT».Signature.sum.{u_3, u_1, u_2} S T) → Sort u_4) →       (x : «ROOT».Signature.Op.{max u_1 u_2, u_3} («ROOT».Signature.sum.{u_3, u_1, u_2} S T)) →         (h_1 :             (operation : «ROOT».Signature.Op.{u_1, u_3} S) →               motive                 (@Sum.inl.{u_1, u_2} («ROOT».Signature.Op.{u_1, u_3} S) («ROOT».Signature.Op.{u_2, u_3} T)                   operation)) →           (h_2 :               (operation : «ROOT».Signature.Op.{u_2, u_3} T) →                 motive                   (@Sum.inr.{u_1, u_2} («ROOT».Signature.Op.{u_1, u_3} S) («ROOT».Signature.Op.{u_2, u_3} T)                     operation)) →             motive x	fun {S : «ROOT».Signature.{u_1, u_3}} {T : «ROOT».Signature.{u_2, u_3}}     (motive : «ROOT».Signature.Op.{max u_1 u_2, u_3} («ROOT».Signature.sum.{u_3, u_1, u_2} S T) → Sort u_4)     (x : «ROOT».Signature.Op.{max u_1 u_2, u_3} («ROOT».Signature.sum.{u_3, u_1, u_2} S T))     (h_1 :       (operation : «ROOT».Signature.Op.{u_1, u_3} S) →         motive (@Sum.inl.{u_1, u_2} («ROOT».Signature.Op.{u_1, u_3} S) («ROOT».Signature.Op.{u_2, u_3} T) operation))     (h_2 :       (operation : «ROOT».Signature.Op.{u_2, u_3} T) →         motive           (@Sum.inr.{u_1, u_2} («ROOT».Signature.Op.{u_1, u_3} S) («ROOT».Signature.Op.{u_2, u_3} T) operation)) =>   @Sum.casesOn.{u_4, u_1, u_2} («ROOT».Signature.Op.{u_1, u_3} S) («ROOT».Signature.Op.{u_2, u_3} T)     (fun (x : «ROOT».Signature.Op.{max u_1 u_2, u_3} («ROOT».Signature.sum.{u_3, u_1, u_2} S T)) => motive x) x     (fun (val : «ROOT».Signature.Op.{u_1, u_3} S) => h_1 val) fun (val : «ROOT».Signature.Op.{u_2, u_3} T) => h_2 val	
«ROOT».Handler.sum_handle_inl	«ROOT».Algebra.Sum	theorem	u_1,u_2,u_3,u_4	∀ {S : «ROOT».Signature.{u_1, u_2}} {M : Type u_2 → Type u_3} {T : «ROOT».Signature.{u_4, u_2}}   (left : «ROOT».Handler.{u_2, u_1, u_3} S M) (right : «ROOT».Handler.{u_2, u_4, u_3} T M)   (operation : «ROOT».Signature.Op.{u_1, u_2} S),   @Eq.{u_3 + 1}     (M       («ROOT».Signature.Answer.{max u_4 u_1, u_2} («ROOT».Signature.sum.{u_2, u_1, u_4} S T)         (@Sum.inl.{u_1, u_4} («ROOT».Signature.Op.{u_1, u_2} S) («ROOT».Signature.Op.{u_4, u_2} T) operation)))     (@«ROOT».Handler.handle.{u_2, max u_4 u_1, u_3} («ROOT».Signature.sum.{u_2, u_1, u_4} S T) M       (@«ROOT».Handler.sum.{u_1, u_2, u_3, u_4} S M T left right)       (@Sum.inl.{u_1, u_4} («ROOT».Signature.Op.{u_1, u_2} S) («ROOT».Signature.Op.{u_4, u_2} T) operation))     (@«ROOT».Handler.handle.{u_2, u_1, u_3} S M left operation)		
«ROOT».Handler.sum_handle_inr	«ROOT».Algebra.Sum	theorem	u_1,u_2,u_3,u_4	∀ {S : «ROOT».Signature.{u_1, u_2}} {M : Type u_2 → Type u_3} {T : «ROOT».Signature.{u_4, u_2}}   (left : «ROOT».Handler.{u_2, u_1, u_3} S M) (right : «ROOT».Handler.{u_2, u_4, u_3} T M)   (operation : «ROOT».Signature.Op.{u_4, u_2} T),   @Eq.{u_3 + 1}     (M       («ROOT».Signature.Answer.{max u_1 u_4, u_2} («ROOT».Signature.sum.{u_2, u_1, u_4} S T)         (@Sum.inr.{u_1, u_4} («ROOT».Signature.Op.{u_1, u_2} S) («ROOT».Signature.Op.{u_4, u_2} T) operation)))     (@«ROOT».Handler.handle.{u_2, max u_1 u_4, u_3} («ROOT».Signature.sum.{u_2, u_1, u_4} S T) M       (@«ROOT».Handler.sum.{u_1, u_2, u_3, u_4} S M T left right)       (@Sum.inr.{u_1, u_4} («ROOT».Signature.Op.{u_1, u_2} S) («ROOT».Signature.Op.{u_4, u_2} T) operation))     (@«ROOT».Handler.handle.{u_2, u_4, u_3} T M right operation)		
«ROOT».Handler.sum_unique	«ROOT».Algebra.Sum	theorem	u_1,u_2,u_3,u_4	∀ {S : «ROOT».Signature.{u_1, u_2}} {M : Type u_2 → Type u_3} {T : «ROOT».Signature.{u_4, u_2}}   (left : «ROOT».Handler.{u_2, u_1, u_3} S M) (right : «ROOT».Handler.{u_2, u_4, u_3} T M)   (candidate : «ROOT».Handler.{u_2, max u_4 u_1, u_3} («ROOT».Signature.sum.{u_2, u_1, u_4} S T) M)   (onLeft :     ∀ (operation : «ROOT».Signature.Op.{u_1, u_2} S),       @Eq.{u_3 + 1}         (M           («ROOT».Signature.Answer.{max u_1 u_4, u_2} («ROOT».Signature.sum.{u_2, u_1, u_4} S T)             (@Sum.inl.{u_1, u_4} («ROOT».Signature.Op.{u_1, u_2} S) («ROOT».Signature.Op.{u_4, u_2} T) operation)))         (@«ROOT».Handler.handle.{u_2, max u_1 u_4, u_3} («ROOT».Signature.sum.{u_2, u_1, u_4} S T) M candidate           (@Sum.inl.{u_1, u_4} («ROOT».Signature.Op.{u_1, u_2} S) («ROOT».Signature.Op.{u_4, u_2} T) operation))         (@«ROOT».Handler.handle.{u_2, u_1, u_3} S M left operation))   (onRight :     ∀ (operation : «ROOT».Signature.Op.{u_4, u_2} T),       @Eq.{u_3 + 1}         (M           («ROOT».Signature.Answer.{max u_1 u_4, u_2} («ROOT».Signature.sum.{u_2, u_1, u_4} S T)             (@Sum.inr.{u_1, u_4} («ROOT».Signature.Op.{u_1, u_2} S) («ROOT».Signature.Op.{u_4, u_2} T) operation)))         (@«ROOT».Handler.handle.{u_2, max u_1 u_4, u_3} («ROOT».Signature.sum.{u_2, u_1, u_4} S T) M candidate           (@Sum.inr.{u_1, u_4} («ROOT».Signature.Op.{u_1, u_2} S) («ROOT».Signature.Op.{u_4, u_2} T) operation))         (@«ROOT».Handler.handle.{u_2, u_4, u_3} T M right operation)),   @Eq.{max (max (u_3 + 1) (u_1 + 1)) (u_4 + 1)}     («ROOT».Handler.{u_2, max u_4 u_1, u_3} («ROOT».Signature.sum.{u_2, u_1, u_4} S T) M) candidate     (@«ROOT».Handler.sum.{u_1, u_2, u_3, u_4} S M T left right)		Quot.sound
«ROOT».Handler.sum_unique.match_1_1	«ROOT».Algebra.Sum	def	u_1,u_2,u_3	∀ {S : «ROOT».Signature.{u_1, u_3}} {T : «ROOT».Signature.{u_2, u_3}}   (motive : «ROOT».Signature.Op.{max u_1 u_2, u_3} («ROOT».Signature.sum.{u_3, u_1, u_2} S T) → Prop)   (operation : «ROOT».Signature.Op.{max u_1 u_2, u_3} («ROOT».Signature.sum.{u_3, u_1, u_2} S T))   (h_1 :     ∀ (value : «ROOT».Signature.Op.{u_1, u_3} S),       motive (@Sum.inl.{u_1, u_2} («ROOT».Signature.Op.{u_1, u_3} S) («ROOT».Signature.Op.{u_2, u_3} T) value))   (h_2 :     ∀ (value : «ROOT».Signature.Op.{u_2, u_3} T),       motive (@Sum.inr.{u_1, u_2} («ROOT».Signature.Op.{u_1, u_3} S) («ROOT».Signature.Op.{u_2, u_3} T) value)),   motive operation	fun {S : «ROOT».Signature.{u_1, u_3}} {T : «ROOT».Signature.{u_2, u_3}}     (motive : «ROOT».Signature.Op.{max u_1 u_2, u_3} («ROOT».Signature.sum.{u_3, u_1, u_2} S T) → Prop)     (operation : «ROOT».Signature.Op.{max u_1 u_2, u_3} («ROOT».Signature.sum.{u_3, u_1, u_2} S T))     (h_1 :       ∀ (value : «ROOT».Signature.Op.{u_1, u_3} S),         motive (@Sum.inl.{u_1, u_2} («ROOT».Signature.Op.{u_1, u_3} S) («ROOT».Signature.Op.{u_2, u_3} T) value))     (h_2 :       ∀ (value : «ROOT».Signature.Op.{u_2, u_3} T),         motive (@Sum.inr.{u_1, u_2} («ROOT».Signature.Op.{u_1, u_3} S) («ROOT».Signature.Op.{u_2, u_3} T) value)) =>   @Sum.casesOn.{0, u_1, u_2} («ROOT».Signature.Op.{u_1, u_3} S) («ROOT».Signature.Op.{u_2, u_3} T)     (fun (x : «ROOT».Signature.Op.{max u_1 u_2, u_3} («ROOT».Signature.sum.{u_3, u_1, u_2} S T)) => motive x)     operation (fun (val : «ROOT».Signature.Op.{u_1, u_3} S) => h_1 val)     fun (val : «ROOT».Signature.Op.{u_2, u_3} T) => h_2 val	
«ROOT».Handler.through	«ROOT».Algebra.Handler.Composition	def	u_1,u_2,u_3,u_4	{M : Type u_1 → Type u_2} →   {S : «ROOT».Signature.{u_3, u_1}} →     {T : «ROOT».Signature.{u_4, u_1}} →       [Monad.{u_1, u_2} M] →         (upper : «ROOT».Handler.{u_1, u_3, max u_4 u_1} S («ROOT».Program.{u_1, u_4} T)) →           (lower : «ROOT».Handler.{u_1, u_4, u_2} T M) → «ROOT».Handler.{u_1, u_3, u_2} S M	fun {M : Type u_1 → Type u_2} {S : «ROOT».Signature.{u_3, u_1}} {T : «ROOT».Signature.{u_4, u_1}}     [inst : Monad.{u_1, u_2} M] (upper : «ROOT».Handler.{u_1, u_3, max u_4 u_1} S («ROOT».Program.{u_1, u_4} T))     (lower : «ROOT».Handler.{u_1, u_4, u_2} T M) =>   @«ROOT».Handler.mk.{u_1, u_3, u_2} S M fun (operation : «ROOT».Signature.Op.{u_3, u_1} S) =>     @«ROOT».interpret.{u_1, u_2, u_4} M T («ROOT».Signature.Answer.{u_3, u_1} S operation) inst lower       (@«ROOT».Handler.handle.{u_1, u_3, max u_1 u_4} S («ROOT».Program.{u_1, u_4} T) upper operation)	
«ROOT».Handler.through_assoc	«ROOT».Algebra.Handler.Category	theorem	u_1,u_2,u_3,u_4,u_5	∀ {M : Type u_1 → Type u_2} {S : «ROOT».Signature.{u_3, u_1}} {T : «ROOT».Signature.{u_4, u_1}}   {U : «ROOT».Signature.{u_5, u_1}} [inst : Monad.{u_1, u_2} M] (leftUnit : @«ROOT».LeftUnit.{u_1, u_2} M inst)   (assoc : @«ROOT».BindAssoc.{u_1, u_2} M inst)   (first : «ROOT».Handler.{u_1, u_3, max u_4 u_1} S («ROOT».Program.{u_1, u_4} T))   (second : «ROOT».Handler.{u_1, u_4, max u_5 u_1} T («ROOT».Program.{u_1, u_5} U))   (last : «ROOT».Handler.{u_1, u_5, u_2} U M),   @Eq.{max (u_2 + 1) (u_3 + 1)} («ROOT».Handler.{u_1, u_3, u_2} S M)     (@«ROOT».Handler.through.{u_1, u_2, u_3, u_5} M S U inst       (@«ROOT».Handler.through.{u_1, max u_1 u_5, u_3, u_4} («ROOT».Program.{u_1, u_5} U) S T         (@«ROOT».Program.instMonad.{u_5, u_1} U) first second)       last)     (@«ROOT».Handler.through.{u_1, u_2, u_3, u_4} M S T inst first       (@«ROOT».Handler.through.{u_1, u_2, u_4, u_5} M T U inst second last))		Quot.sound,propext
«ROOT».Handler.through_endomorphism_monoid	«ROOT».Algebra.Handler.Category	theorem	u_1,u_2	∀ {S : «ROOT».Signature.{u_1, u_2}}   (first second third : «ROOT».Handler.{u_2, u_1, max u_1 u_2} S («ROOT».Program.{u_2, u_1} S)),   And     (@Eq.{max (u_1 + 1) (u_2 + 1)} («ROOT».Handler.{u_2, u_1, max u_1 u_2} S («ROOT».Program.{u_2, u_1} S))       (@«ROOT».Handler.through.{u_2, max u_1 u_2, u_1, u_1} («ROOT».Program.{u_2, u_1} S) S S         (@«ROOT».Program.instMonad.{u_1, u_2} S)         (@«ROOT».Handler.through.{u_2, max u_1 u_2, u_1, u_1} («ROOT».Program.{u_2, u_1} S) S S           (@«ROOT».Program.instMonad.{u_1, u_2} S) first second)         third)       (@«ROOT».Handler.through.{u_2, max u_1 u_2, u_1, u_1} («ROOT».Program.{u_2, u_1} S) S S         (@«ROOT».Program.instMonad.{u_1, u_2} S) first         (@«ROOT».Handler.through.{u_2, max u_1 u_2, u_1, u_1} («ROOT».Program.{u_2, u_1} S) S S           (@«ROOT».Program.instMonad.{u_1, u_2} S) second third)))     (And       (@Eq.{max (u_1 + 1) (u_2 + 1)} («ROOT».Handler.{u_2, u_1, max u_1 u_2} S («ROOT».Program.{u_2, u_1} S))         (@«ROOT».Handler.through.{u_2, max u_1 u_2, u_1, u_1} («ROOT».Program.{u_2, u_1} S) S S           (@«ROOT».Program.instMonad.{u_1, u_2} S) first (@«ROOT».identityHandler.{u_1, u_2} S))         first)       (@Eq.{max (u_1 + 1) (u_2 + 1)} («ROOT».Handler.{u_2, u_1, max u_1 u_2} S («ROOT».Program.{u_2, u_1} S))         (@«ROOT».Handler.through.{u_2, max u_1 u_2, u_1, u_1} («ROOT».Program.{u_2, u_1} S) S S           (@«ROOT».Program.instMonad.{u_1, u_2} S) (@«ROOT».identityHandler.{u_1, u_2} S) first)         first))		Quot.sound,propext
«ROOT».Handler.through_identity_left	«ROOT».Algebra.Handler.Category	theorem	u_1,u_2,u_3	∀ {M : Type u_1 → Type u_2} {S : «ROOT».Signature.{u_3, u_1}} [inst : Monad.{u_1, u_2} M]   (rightUnit : @«ROOT».RightUnit.{u_1, u_2} M inst) (handler : «ROOT».Handler.{u_1, u_3, u_2} S M),   @Eq.{max (u_2 + 1) (u_3 + 1)} («ROOT».Handler.{u_1, u_3, u_2} S M)     (@«ROOT».Handler.through.{u_1, u_2, u_3, u_3} M S S inst (@«ROOT».identityHandler.{u_3, u_1} S) handler) handler		Quot.sound
«ROOT».Handler.through_identity_right	«ROOT».Algebra.Handler.Category	theorem	u_1,u_2,u_3	∀ {S : «ROOT».Signature.{u_1, u_2}} {T : «ROOT».Signature.{u_3, u_2}}   (handler : «ROOT».Handler.{u_2, u_1, max u_3 u_2} S («ROOT».Program.{u_2, u_3} T)),   @Eq.{max (max (u_1 + 1) (u_3 + 1)) (u_2 + 1)}     («ROOT».Handler.{u_2, u_1, max u_3 u_2} S («ROOT».Program.{u_2, u_3} T))     (@«ROOT».Handler.through.{u_2, max u_3 u_2, u_1, u_3} («ROOT».Program.{u_2, u_3} T) S T       (@«ROOT».Program.instMonad.{u_3, u_2} T) handler (@«ROOT».identityHandler.{u_3, u_2} T))     handler		Quot.sound
«ROOT».IsMonadMorphism	«ROOT».Algebra.Universal	inductive	uAns,uOp,v	(signature : «ROOT».Signature.{uOp, uAns}) →   {M : Type uAns → Type v} →     [Monad.{uAns, v} M] → (map : {A : Type uAns} → «ROOT».Program.{uAns, uOp} signature A → M A) → Prop		
«ROOT».IsMonadMorphism.bind_law	«ROOT».Algebra.Universal	theorem	uAns,uOp,v	∀ {signature : «ROOT».Signature.{uOp, uAns}} {M : Type uAns → Type v} [inst : Monad.{uAns, v} M]   {map : {A : Type uAns} → «ROOT».Program.{uAns, uOp} signature A → M A}   (self : @«ROOT».IsMonadMorphism.{uAns, uOp, v} signature M inst map) {A B : Type uAns}   (program : «ROOT».Program.{uAns, uOp} signature A) (next : A → «ROOT».Program.{uAns, uOp} signature B),   @Eq.{v + 1} (M B) (@map B (@«ROOT».Program.bind.{uOp, uAns} signature A B program next))     (@Bind.bind.{uAns, v} M (@Monad.toBind.{uAns, v} M inst) A B (@map A program) fun (value : A) =>       @map B (next value))		
«ROOT».IsMonadMorphism.casesOn	«ROOT».Algebra.Universal	def	u,uAns,uOp,v	{signature : «ROOT».Signature.{uOp, uAns}} →   {M : Type uAns → Type v} →     [inst : Monad.{uAns, v} M] →       {map : {A : Type uAns} → «ROOT».Program.{uAns, uOp} signature A → M A} →         {motive : (t : @«ROOT».IsMonadMorphism.{uAns, uOp, v} signature M inst map) → Sort u} →           (t : @«ROOT».IsMonadMorphism.{uAns, uOp, v} signature M inst map) →             (mk :                 (pure_law :                     ∀ {A : Type uAns} (value : A),                       @Eq.{v + 1} (M A) (@map A (@«ROOT».Program.pure.{uAns, uOp} signature A value))                         (@Pure.pure.{uAns, v} M                           (@Applicative.toPure.{uAns, v} M (@Monad.toApplicative.{uAns, v} M inst)) A value)) →                   (bind_law :                       ∀ {A B : Type uAns} (program : «ROOT».Program.{uAns, uOp} signature A)                         (next : A → «ROOT».Program.{uAns, uOp} signature B),                         @Eq.{v + 1} (M B) (@map B (@«ROOT».Program.bind.{uOp, uAns} signature A B program next))                           (@Bind.bind.{uAns, v} M (@Monad.toBind.{uAns, v} M inst) A B (@map A program)                             fun (value : A) => @map B (next value))) →                     motive (@«ROOT».IsMonadMorphism.mk.{uAns, uOp, v} signature M inst map pure_law bind_law)) →               motive t	fun {signature : «ROOT».Signature.{uOp, uAns}} {M : Type uAns → Type v} [inst : Monad.{uAns, v} M]     {map : {A : Type uAns} → «ROOT».Program.{uAns, uOp} signature A → M A}     {motive : (t : @«ROOT».IsMonadMorphism.{uAns, uOp, v} signature M inst map) → Sort u}     (t : @«ROOT».IsMonadMorphism.{uAns, uOp, v} signature M inst map)     (mk :       (pure_law :           ∀ {A : Type uAns} (value : A),             @Eq.{v + 1} (M A) (@map A (@«ROOT».Program.pure.{uAns, uOp} signature A value))               (@Pure.pure.{uAns, v} M (@Applicative.toPure.{uAns, v} M (@Monad.toApplicative.{uAns, v} M inst)) A                 value)) →         (bind_law :             ∀ {A B : Type uAns} (program : «ROOT».Program.{uAns, uOp} signature A)               (next : A → «ROOT».Program.{uAns, uOp} signature B),               @Eq.{v + 1} (M B) (@map B (@«ROOT».Program.bind.{uOp, uAns} signature A B program next))                 (@Bind.bind.{uAns, v} M (@Monad.toBind.{uAns, v} M inst) A B (@map A program) fun (value : A) =>                   @map B (next value))) →           motive (@«ROOT».IsMonadMorphism.mk.{uAns, uOp, v} signature M inst map pure_law bind_law)) =>   @«ROOT».IsMonadMorphism.rec.{u, uAns, uOp, v} signature M inst map motive     (fun         (pure_law :           ∀ {A : Type uAns} (value : A),             @Eq.{v + 1} (M A) (@map A (@«ROOT».Program.pure.{uAns, uOp} signature A value))               (@Pure.pure.{uAns, v} M (@Applicative.toPure.{uAns, v} M (@Monad.toApplicative.{uAns, v} M inst)) A                 value))         (bind_law :           ∀ {A B : Type uAns} (program : «ROOT».Program.{uAns, uOp} signature A)             (next : A → «ROOT».Program.{uAns, uOp} signature B),             @Eq.{v + 1} (M B) (@map B (@«ROOT».Program.bind.{uOp, uAns} signature A B program next))               (@Bind.bind.{uAns, v} M (@Monad.toBind.{uAns, v} M inst) A B (@map A program) fun (value : A) =>                 @map B (next value))) =>       mk pure_law bind_law)     t	
«ROOT».IsMonadMorphism.mk	«ROOT».Algebra.Universal	ctor	uAns,uOp,v	∀ {signature : «ROOT».Signature.{uOp, uAns}} {M : Type uAns → Type v} [inst : Monad.{uAns, v} M]   {map : {A : Type uAns} → «ROOT».Program.{uAns, uOp} signature A → M A}   (pure_law :     ∀ {A : Type uAns} (value : A),       @Eq.{v + 1} (M A) (@map A (@«ROOT».Program.pure.{uAns, uOp} signature A value))         (@Pure.pure.{uAns, v} M (@Applicative.toPure.{uAns, v} M (@Monad.toApplicative.{uAns, v} M inst)) A value))   (bind_law :     ∀ {A B : Type uAns} (program : «ROOT».Program.{uAns, uOp} signature A)       (next : A → «ROOT».Program.{uAns, uOp} signature B),       @Eq.{v + 1} (M B) (@map B (@«ROOT».Program.bind.{uOp, uAns} signature A B program next))         (@Bind.bind.{uAns, v} M (@Monad.toBind.{uAns, v} M inst) A B (@map A program) fun (value : A) =>           @map B (next value))),   @«ROOT».IsMonadMorphism.{uAns, uOp, v} signature M inst map		
«ROOT».IsMonadMorphism.mk._flat_ctor	«ROOT».Algebra.Universal	def	uAns,uOp,v	∀ {signature : «ROOT».Signature.{uOp, uAns}} {M : Type uAns → Type v} [inst : Monad.{uAns, v} M]   {map : {A : Type uAns} → «ROOT».Program.{uAns, uOp} signature A → M A}   (pure_law :     ∀ {A : Type uAns} (value : A),       @Eq.{v + 1} (M A) (@map A (@«ROOT».Program.pure.{uAns, uOp} signature A value))         (@Pure.pure.{uAns, v} M (@Applicative.toPure.{uAns, v} M (@Monad.toApplicative.{uAns, v} M inst)) A value))   (bind_law :     ∀ {A B : Type uAns} (program : «ROOT».Program.{uAns, uOp} signature A)       (next : A → «ROOT».Program.{uAns, uOp} signature B),       @Eq.{v + 1} (M B) (@map B (@«ROOT».Program.bind.{uOp, uAns} signature A B program next))         (@Bind.bind.{uAns, v} M (@Monad.toBind.{uAns, v} M inst) A B (@map A program) fun (value : A) =>           @map B (next value))),   @«ROOT».IsMonadMorphism.{uAns, uOp, v} signature M inst map	fun (signature : «ROOT».Signature.{uOp, uAns}) {M : Type uAns → Type v} [inst : Monad.{uAns, v} M]     (map : {A : Type uAns} → «ROOT».Program.{uAns, uOp} signature A → M A)     (pure_law :       ∀ {A : Type uAns} (value : A),         @Eq.{v + 1} (M A) (@map A (@«ROOT».Program.pure.{uAns, uOp} signature A value))           (@Pure.pure.{uAns, v} M (@Applicative.toPure.{uAns, v} M (@Monad.toApplicative.{uAns, v} M inst)) A value))     (bind_law :       ∀ {A B : Type uAns} (program : «ROOT».Program.{uAns, uOp} signature A)         (next : A → «ROOT».Program.{uAns, uOp} signature B),         @Eq.{v + 1} (M B) (@map B (@«ROOT».Program.bind.{uOp, uAns} signature A B program next))           (@Bind.bind.{uAns, v} M (@Monad.toBind.{uAns, v} M inst) A B (@map A program) fun (value : A) =>             @map B (next value))) =>   @«ROOT».IsMonadMorphism.mk.{uAns, uOp, v} signature M inst map pure_law bind_law	
«ROOT».IsMonadMorphism.pure_law	«ROOT».Algebra.Universal	theorem	uAns,uOp,v	∀ {signature : «ROOT».Signature.{uOp, uAns}} {M : Type uAns → Type v} [inst : Monad.{uAns, v} M]   {map : {A : Type uAns} → «ROOT».Program.{uAns, uOp} signature A → M A}   (self : @«ROOT».IsMonadMorphism.{uAns, uOp, v} signature M inst map) {A : Type uAns} (value : A),   @Eq.{v + 1} (M A) (@map A (@«ROOT».Program.pure.{uAns, uOp} signature A value))     (@Pure.pure.{uAns, v} M (@Applicative.toPure.{uAns, v} M (@Monad.toApplicative.{uAns, v} M inst)) A value)		
«ROOT».IsMonadMorphism.rec	«ROOT».Algebra.Universal	recursor	u,uAns,uOp,v	{signature : «ROOT».Signature.{uOp, uAns}} →   {M : Type uAns → Type v} →     [inst : Monad.{uAns, v} M] →       {map : {A : Type uAns} → «ROOT».Program.{uAns, uOp} signature A → M A} →         {motive : (t : @«ROOT».IsMonadMorphism.{uAns, uOp, v} signature M inst map) → Sort u} →           (mk :               (pure_law :                   ∀ {A : Type uAns} (value : A),                     @Eq.{v + 1} (M A) (@map A (@«ROOT».Program.pure.{uAns, uOp} signature A value))                       (@Pure.pure.{uAns, v} M (@Applicative.toPure.{uAns, v} M (@Monad.toApplicative.{uAns, v} M inst))                         A value)) →                 (bind_law :                     ∀ {A B : Type uAns} (program : «ROOT».Program.{uAns, uOp} signature A)                       (next : A → «ROOT».Program.{uAns, uOp} signature B),                       @Eq.{v + 1} (M B) (@map B (@«ROOT».Program.bind.{uOp, uAns} signature A B program next))                         (@Bind.bind.{uAns, v} M (@Monad.toBind.{uAns, v} M inst) A B (@map A program) fun (value : A) =>                           @map B (next value))) →                   motive (@«ROOT».IsMonadMorphism.mk.{uAns, uOp, v} signature M inst map pure_law bind_law)) →             (t : @«ROOT».IsMonadMorphism.{uAns, uOp, v} signature M inst map) → motive t		
«ROOT».IsMonadMorphism.recOn	«ROOT».Algebra.Universal	def	u,uAns,uOp,v	{signature : «ROOT».Signature.{uOp, uAns}} →   {M : Type uAns → Type v} →     [inst : Monad.{uAns, v} M] →       {map : {A : Type uAns} → «ROOT».Program.{uAns, uOp} signature A → M A} →         {motive : (t : @«ROOT».IsMonadMorphism.{uAns, uOp, v} signature M inst map) → Sort u} →           (t : @«ROOT».IsMonadMorphism.{uAns, uOp, v} signature M inst map) →             (mk :                 (pure_law :                     ∀ {A : Type uAns} (value : A),                       @Eq.{v + 1} (M A) (@map A (@«ROOT».Program.pure.{uAns, uOp} signature A value))                         (@Pure.pure.{uAns, v} M                           (@Applicative.toPure.{uAns, v} M (@Monad.toApplicative.{uAns, v} M inst)) A value)) →                   (bind_law :                       ∀ {A B : Type uAns} (program : «ROOT».Program.{uAns, uOp} signature A)                         (next : A → «ROOT».Program.{uAns, uOp} signature B),                         @Eq.{v + 1} (M B) (@map B (@«ROOT».Program.bind.{uOp, uAns} signature A B program next))                           (@Bind.bind.{uAns, v} M (@Monad.toBind.{uAns, v} M inst) A B (@map A program)                             fun (value : A) => @map B (next value))) →                     motive (@«ROOT».IsMonadMorphism.mk.{uAns, uOp, v} signature M inst map pure_law bind_law)) →               motive t	fun {signature : «ROOT».Signature.{uOp, uAns}} {M : Type uAns → Type v} [inst : Monad.{uAns, v} M]     {map : {A : Type uAns} → «ROOT».Program.{uAns, uOp} signature A → M A}     {motive : (t : @«ROOT».IsMonadMorphism.{uAns, uOp, v} signature M inst map) → Sort u}     (t : @«ROOT».IsMonadMorphism.{uAns, uOp, v} signature M inst map)     (mk :       (pure_law :           ∀ {A : Type uAns} (value : A),             @Eq.{v + 1} (M A) (@map A (@«ROOT».Program.pure.{uAns, uOp} signature A value))               (@Pure.pure.{uAns, v} M (@Applicative.toPure.{uAns, v} M (@Monad.toApplicative.{uAns, v} M inst)) A                 value)) →         (bind_law :             ∀ {A B : Type uAns} (program : «ROOT».Program.{uAns, uOp} signature A)               (next : A → «ROOT».Program.{uAns, uOp} signature B),               @Eq.{v + 1} (M B) (@map B (@«ROOT».Program.bind.{uOp, uAns} signature A B program next))                 (@Bind.bind.{uAns, v} M (@Monad.toBind.{uAns, v} M inst) A B (@map A program) fun (value : A) =>                   @map B (next value))) →           motive (@«ROOT».IsMonadMorphism.mk.{uAns, uOp, v} signature M inst map pure_law bind_law)) =>   @«ROOT».IsMonadMorphism.rec.{u, uAns, uOp, v} signature M inst map motive mk t	
«ROOT».LeftUnit	«ROOT».Algebra.MonadLaws	def	u,v	(M : Type u → Type v) → [Monad.{u, v} M] → Prop	fun (M : Type u → Type v) [inst : Monad.{u, v} M] =>   ∀ {A B : Type u} (value : A) (next : A → M B),     @Eq.{v + 1} (M B)       (@Bind.bind.{u, v} M (@Monad.toBind.{u, v} M inst) A B         (@Pure.pure.{u, v} M (@Applicative.toPure.{u, v} M (@Monad.toApplicative.{u, v} M inst)) A value) next)       (next value)	
«ROOT».ModelMorphism	«ROOT».Algebra.Universal	inductive	uAns,uS,v	(S : «ROOT».Signature.{uS, uAns}) → (M : Type uAns → Type v) → [Monad.{uAns, v} M] → Type (max (max (uAns + 1) uS) v)		
«ROOT».ModelMorphism._sizeOf_1	«ROOT».Algebra.Universal	def	uAns,uS,v	{S : «ROOT».Signature.{uS, uAns}} →   {M : Type uAns → Type v} →     {inst : Monad.{uAns, v} M} →       [(a : Type uAns) → SizeOf.{v + 1} (M a)] → (t : @«ROOT».ModelMorphism.{uAns, uS, v} S M inst) → Nat	fun {S : «ROOT».Signature.{uS, uAns}} {M : Type uAns → Type v} {inst : Monad.{uAns, v} M}     [(a : Type uAns) → SizeOf.{v + 1} (M a)] (t : @«ROOT».ModelMorphism.{uAns, uS, v} S M inst) =>   @«ROOT».ModelMorphism.rec.{1, uAns, uS, v} S M inst (fun (t : @«ROOT».ModelMorphism.{uAns, uS, v} S M inst) => Nat)     (fun (map : (A : Type uAns) → «ROOT».Program.{uAns, uS} S A → M A)         (laws :           @«ROOT».IsMonadMorphism.{uAns, uS, v} S M inst             fun {A : Type uAns} (program : «ROOT».Program.{uAns, uS} S A) => map A program) =>       @HAdd.hAdd.{0, 0, 0} Nat Nat Nat (@instHAdd.{0} Nat instAddNat)         (@OfNat.ofNat.{0} Nat (nat_lit 1) (instOfNatNat (nat_lit 1)))         (@SizeOf.sizeOf.{0}           (@«ROOT».IsMonadMorphism.{uAns, uS, v} S M inst             fun {A : Type uAns} (program : «ROOT».Program.{uAns, uS} S A) => map A program)           (instSizeOfDefault.{0}             (@«ROOT».IsMonadMorphism.{uAns, uS, v} S M inst               fun {A : Type uAns} (program : «ROOT».Program.{uAns, uS} S A) => map A program))           laws))     t	
«ROOT».ModelMorphism._sizeOf_inst	«ROOT».Algebra.Universal	def	uAns,uS,v	(S : «ROOT».Signature.{uS, uAns}) →   (M : Type uAns → Type v) →     {inst : Monad.{uAns, v} M} →       [(a : Type uAns) → SizeOf.{v + 1} (M a)] →         SizeOf.{max (max (uAns + 2) (uS + 1)) (v + 1)} (@«ROOT».ModelMorphism.{uAns, uS, v} S M inst)	fun (S : «ROOT».Signature.{uS, uAns}) (M : Type uAns → Type v) {inst : Monad.{uAns, v} M}     [inst_1 : (a : Type uAns) → SizeOf.{v + 1} (M a)] =>   @SizeOf.mk.{max (max (uAns + 2) (uS + 1)) (v + 1)} (@«ROOT».ModelMorphism.{uAns, uS, v} S M inst)     fun (m : @«ROOT».ModelMorphism.{uAns, uS, v} S M inst) =>     @«ROOT».ModelMorphism._sizeOf_1.{uAns, uS, v} S M inst inst_1 m	
«ROOT».ModelMorphism.casesOn	«ROOT».Algebra.Universal	def	u,uAns,uS,v	{S : «ROOT».Signature.{uS, uAns}} →   {M : Type uAns → Type v} →     [inst : Monad.{uAns, v} M] →       {motive : (t : @«ROOT».ModelMorphism.{uAns, uS, v} S M inst) → Sort u} →         (t : @«ROOT».ModelMorphism.{uAns, uS, v} S M inst) →           (mk :               (map : (A : Type uAns) → «ROOT».Program.{uAns, uS} S A → M A) →                 (laws :                     @«ROOT».IsMonadMorphism.{uAns, uS, v} S M inst                       fun {A : Type uAns} (program : «ROOT».Program.{uAns, uS} S A) => map A program) →                   motive (@«ROOT».ModelMorphism.mk.{uAns, uS, v} S M inst map laws)) →             motive t	fun {S : «ROOT».Signature.{uS, uAns}} {M : Type uAns → Type v} [inst : Monad.{uAns, v} M]     {motive : (t : @«ROOT».ModelMorphism.{uAns, uS, v} S M inst) → Sort u}     (t : @«ROOT».ModelMorphism.{uAns, uS, v} S M inst)     (mk :       (map : (A : Type uAns) → «ROOT».Program.{uAns, uS} S A → M A) →         (laws :             @«ROOT».IsMonadMorphism.{uAns, uS, v} S M inst               fun {A : Type uAns} (program : «ROOT».Program.{uAns, uS} S A) => map A program) →           motive (@«ROOT».ModelMorphism.mk.{uAns, uS, v} S M inst map laws)) =>   @«ROOT».ModelMorphism.rec.{u, uAns, uS, v} S M inst motive     (fun (map : (A : Type uAns) → «ROOT».Program.{uAns, uS} S A → M A)         (laws :           @«ROOT».IsMonadMorphism.{uAns, uS, v} S M inst             fun {A : Type uAns} (program : «ROOT».Program.{uAns, uS} S A) => map A program) =>       mk map laws)     t	
«ROOT».ModelMorphism.ctorIdx	«ROOT».Algebra.Universal	def	uAns,uS,v	{S : «ROOT».Signature.{uS, uAns}} →   {M : Type uAns → Type v} → {inst : Monad.{uAns, v} M} → @«ROOT».ModelMorphism.{uAns, uS, v} S M inst → Nat	fun {S : «ROOT».Signature.{uS, uAns}} {M : Type uAns → Type v} {inst : Monad.{uAns, v} M}     (x : @«ROOT».ModelMorphism.{uAns, uS, v} S M inst) =>   nat_lit 0	
«ROOT».ModelMorphism.ext	«ROOT».Algebra.Universal	theorem	uAns,uS,v	∀ {S : «ROOT».Signature.{uS, uAns}} {M : Type uAns → Type v} [inst : Monad.{uAns, v} M]   {left right : @«ROOT».ModelMorphism.{uAns, uS, v} S M inst}   (equal :     ∀ (A : Type uAns) (program : «ROOT».Program.{uAns, uS} S A),       @Eq.{v + 1} (M A) (@«ROOT».ModelMorphism.map.{uAns, uS, v} S M inst left A program)         (@«ROOT».ModelMorphism.map.{uAns, uS, v} S M inst right A program)),   @Eq.{max (max (uAns + 2) (uS + 1)) (v + 1)} (@«ROOT».ModelMorphism.{uAns, uS, v} S M inst) left right		Quot.sound
«ROOT».ModelMorphism.ext_iff	«ROOT».Algebra.Universal	theorem	uAns,uS,v	∀ {S : «ROOT».Signature.{uS, uAns}} {M : Type uAns → Type v} [inst : Monad.{uAns, v} M]   {left right : @«ROOT».ModelMorphism.{uAns, uS, v} S M inst},   Iff (@Eq.{max (max (uAns + 2) (uS + 1)) (v + 1)} (@«ROOT».ModelMorphism.{uAns, uS, v} S M inst) left right)     (∀ (A : Type uAns) (program : «ROOT».Program.{uAns, uS} S A),       @Eq.{v + 1} (M A) (@«ROOT».ModelMorphism.map.{uAns, uS, v} S M inst left A program)         (@«ROOT».ModelMorphism.map.{uAns, uS, v} S M inst right A program))		Quot.sound
«ROOT».ModelMorphism.laws	«ROOT».Algebra.Universal	theorem	uAns,uS,v	∀ {S : «ROOT».Signature.{uS, uAns}} {M : Type uAns → Type v} [inst : Monad.{uAns, v} M]   (self : @«ROOT».ModelMorphism.{uAns, uS, v} S M inst),   @«ROOT».IsMonadMorphism.{uAns, uS, v} S M inst fun {A : Type uAns} (program : «ROOT».Program.{uAns, uS} S A) =>     @«ROOT».ModelMorphism.map.{uAns, uS, v} S M inst self A program		
«ROOT».ModelMorphism.map	«ROOT».Algebra.Universal	def	uAns,uS,v	{S : «ROOT».Signature.{uS, uAns}} →   {M : Type uAns → Type v} →     [inst : Monad.{uAns, v} M] →       (self : @«ROOT».ModelMorphism.{uAns, uS, v} S M inst) → (A : Type uAns) → «ROOT».Program.{uAns, uS} S A → M A	fun (S : «ROOT».Signature.{uS, uAns}) (M : Type uAns → Type v) [Monad.{uAns, v} M]     (self : @«ROOT».ModelMorphism.{uAns, uS, v} S M inst) =>   self.1	
«ROOT».ModelMorphism.mk	«ROOT».Algebra.Universal	ctor	uAns,uS,v	{S : «ROOT».Signature.{uS, uAns}} →   {M : Type uAns → Type v} →     [inst : Monad.{uAns, v} M] →       (map : (A : Type uAns) → «ROOT».Program.{uAns, uS} S A → M A) →         (laws :             @«ROOT».IsMonadMorphism.{uAns, uS, v} S M inst               fun {A : Type uAns} (program : «ROOT».Program.{uAns, uS} S A) => map A program) →           @«ROOT».ModelMorphism.{uAns, uS, v} S M inst		
«ROOT».ModelMorphism.mk._flat_ctor	«ROOT».Algebra.Universal	def	uAns,uS,v	{S : «ROOT».Signature.{uS, uAns}} →   {M : Type uAns → Type v} →     [inst : Monad.{uAns, v} M] →       (map : (A : Type uAns) → «ROOT».Program.{uAns, uS} S A → M A) →         (laws :             @«ROOT».IsMonadMorphism.{uAns, uS, v} S M inst               fun {A : Type uAns} (program : «ROOT».Program.{uAns, uS} S A) => map A program) →           @«ROOT».ModelMorphism.{uAns, uS, v} S M inst	fun (S : «ROOT».Signature.{uS, uAns}) (M : Type uAns → Type v) [inst : Monad.{uAns, v} M]     (map : (A : Type uAns) → «ROOT».Program.{uAns, uS} S A → M A)     (laws :       @«ROOT».IsMonadMorphism.{uAns, uS, v} S M inst fun {A : Type uAns} (program : «ROOT».Program.{uAns, uS} S A) =>         map A program) =>   @«ROOT».ModelMorphism.mk.{uAns, uS, v} S M inst map laws	
«ROOT».ModelMorphism.mk.inj	«ROOT».Algebra.Universal	theorem	uAns,uS,v	∀ {S : «ROOT».Signature.{uS, uAns}} {M : Type uAns → Type v} {inst : Monad.{uAns, v} M}   {map : (A : Type uAns) → «ROOT».Program.{uAns, uS} S A → M A}   {laws :     @«ROOT».IsMonadMorphism.{uAns, uS, v} S M inst fun {A : Type uAns} (program : «ROOT».Program.{uAns, uS} S A) =>       map A program}   {map_1 : (A : Type uAns) → «ROOT».Program.{uAns, uS} S A → M A}   {laws_1 :     @«ROOT».IsMonadMorphism.{uAns, uS, v} S M inst fun {A : Type uAns} (program : «ROOT».Program.{uAns, uS} S A) =>       map_1 A program},   @Eq.{max (max (uAns + 2) (uS + 1)) (v + 1)} (@«ROOT».ModelMorphism.{uAns, uS, v} S M inst)       (@«ROOT».ModelMorphism.mk.{uAns, uS, v} S M inst map laws)       (@«ROOT».ModelMorphism.mk.{uAns, uS, v} S M inst map_1 laws_1) →     @Eq.{max (max (uAns + 2) (uS + 1)) (v + 1)} ((A : Type uAns) → «ROOT».Program.{uAns, uS} S A → M A) map map_1		
«ROOT».ModelMorphism.mk.injEq	«ROOT».Algebra.Universal	theorem	uAns,uS,v	∀ {S : «ROOT».Signature.{uS, uAns}} {M : Type uAns → Type v} [inst : Monad.{uAns, v} M]   (map : (A : Type uAns) → «ROOT».Program.{uAns, uS} S A → M A)   (laws :     @«ROOT».IsMonadMorphism.{uAns, uS, v} S M inst fun {A : Type uAns} (program : «ROOT».Program.{uAns, uS} S A) =>       map A program)   (map_1 : (A : Type uAns) → «ROOT».Program.{uAns, uS} S A → M A)   (laws_1 :     @«ROOT».IsMonadMorphism.{uAns, uS, v} S M inst fun {A : Type uAns} (program : «ROOT».Program.{uAns, uS} S A) =>       map_1 A program),   @Eq.{1} Prop     (@Eq.{max (max (uAns + 2) (uS + 1)) (v + 1)} (@«ROOT».ModelMorphism.{uAns, uS, v} S M inst)       (@«ROOT».ModelMorphism.mk.{uAns, uS, v} S M inst map laws)       (@«ROOT».ModelMorphism.mk.{uAns, uS, v} S M inst map_1 laws_1))     (@Eq.{max (max (uAns + 2) (uS + 1)) (v + 1)} ((A : Type uAns) → «ROOT».Program.{uAns, uS} S A → M A) map map_1)		propext
«ROOT».ModelMorphism.mk.noConfusion	«ROOT».Algebra.Universal	def	u,uAns,uS,v	{S : «ROOT».Signature.{uS, uAns}} →   {M : Type uAns → Type v} →     {inst : Monad.{uAns, v} M} →       {P : Sort u} →         {map : (A : Type uAns) → «ROOT».Program.{uAns, uS} S A → M A} →           {laws :               @«ROOT».IsMonadMorphism.{uAns, uS, v} S M inst                 fun {A : Type uAns} (program : «ROOT».Program.{uAns, uS} S A) => map A program} →             {map' : (A : Type uAns) → «ROOT».Program.{uAns, uS} S A → M A} →               {laws' :                   @«ROOT».IsMonadMorphism.{uAns, uS, v} S M inst                     fun {A : Type uAns} (program : «ROOT».Program.{uAns, uS} S A) => map' A program} →                 (eq :                     @Eq.{max (max (uAns + 2) (uS + 1)) (v + 1)} (@«ROOT».ModelMorphism.{uAns, uS, v} S M inst)                       (@«ROOT».ModelMorphism.mk.{uAns, uS, v} S M inst map laws)                       (@«ROOT».ModelMorphism.mk.{uAns, uS, v} S M inst map' laws')) →                   (k :                       (map_eq :                           @HEq.{max (max (uAns + 2) (uS + 1)) (v + 1)}                             ((A : Type uAns) → «ROOT».Program.{uAns, uS} S A → M A) map                             ((A : Type uAns) → «ROOT».Program.{uAns, uS} S A → M A) map') →                         P) →                     P	fun {S : «ROOT».Signature.{uS, uAns}} {M : Type uAns → Type v} {inst : Monad.{uAns, v} M} {P : Sort u}     {map : (A : Type uAns) → «ROOT».Program.{uAns, uS} S A → M A}     {laws :       @«ROOT».IsMonadMorphism.{uAns, uS, v} S M inst fun {A : Type uAns} (program : «ROOT».Program.{uAns, uS} S A) =>         map A program}     {map' : (A : Type uAns) → «ROOT».Program.{uAns, uS} S A → M A}     {laws' :       @«ROOT».IsMonadMorphism.{uAns, uS, v} S M inst fun {A : Type uAns} (program : «ROOT».Program.{uAns, uS} S A) =>         map' A program}     (eq :       @Eq.{max (max (uAns + 2) (uS + 1)) (v + 1)} (@«ROOT».ModelMorphism.{uAns, uS, v} S M inst)         (@«ROOT».ModelMorphism.mk.{uAns, uS, v} S M inst map laws)         (@«ROOT».ModelMorphism.mk.{uAns, uS, v} S M inst map' laws'))     (k :       (map_eq :           @HEq.{max (max (uAns + 2) (uS + 1)) (v + 1)} ((A : Type uAns) → «ROOT».Program.{uAns, uS} S A → M A) map             ((A : Type uAns) → «ROOT».Program.{uAns, uS} S A → M A) map') →         P) =>   @id.{u} P     (@«ROOT».ModelMorphism.noConfusion.{u, uAns, uS, v} P S M inst       (@«ROOT».ModelMorphism.mk.{uAns, uS, v} S M inst map laws) S M inst       (@«ROOT».ModelMorphism.mk.{uAns, uS, v} S M inst map' laws')       (@Eq.refl.{max (uAns + 2) (uS + 2)} «ROOT».Signature.{uS, uAns} S)       (@Eq.refl.{max (uAns + 2) (v + 2)} (Type uAns → Type v) M)       (@HEq.refl.{(max (uAns + 1) v) + 1} (Monad.{uAns, v} M) inst)       (@heq_of_eq.{max (max (uAns + 2) (uS + 1)) (v + 1)} (@«ROOT».ModelMorphism.{uAns, uS, v} S M inst)         (@«ROOT».ModelMorphism.mk.{uAns, uS, v} S M inst map laws)         (@«ROOT».ModelMorphism.mk.{uAns, uS, v} S M inst map' laws') eq)       k)	
«ROOT».ModelMorphism.mk.sizeOf_spec	«ROOT».Algebra.Universal	theorem	uAns,uS,v	∀ {S : «ROOT».Signature.{uS, uAns}} {M : Type uAns → Type v} [inst : Monad.{uAns, v} M]   [inst_1 : (a : Type uAns) → SizeOf.{v + 1} (M a)] (map : (A : Type uAns) → «ROOT».Program.{uAns, uS} S A → M A)   (laws :     @«ROOT».IsMonadMorphism.{uAns, uS, v} S M inst fun {A : Type uAns} (program : «ROOT».Program.{uAns, uS} S A) =>       map A program),   @Eq.{1} Nat     (@SizeOf.sizeOf.{max (max (uAns + 2) (uS + 1)) (v + 1)} (@«ROOT».ModelMorphism.{uAns, uS, v} S M inst)       (@«ROOT».ModelMorphism._sizeOf_inst.{uAns, uS, v} S M inst inst_1)       (@«ROOT».ModelMorphism.mk.{uAns, uS, v} S M inst map laws))     (@HAdd.hAdd.{0, 0, 0} Nat Nat Nat (@instHAdd.{0} Nat instAddNat)       (@OfNat.ofNat.{0} Nat (nat_lit 1) (instOfNatNat (nat_lit 1)))       (@SizeOf.sizeOf.{0}         (@«ROOT».IsMonadMorphism.{uAns, uS, v} S M inst           fun {A : Type uAns} (program : «ROOT».Program.{uAns, uS} S A) => map A program)         (instSizeOfDefault.{0}           (@«ROOT».IsMonadMorphism.{uAns, uS, v} S M inst             fun {A : Type uAns} (program : «ROOT».Program.{uAns, uS} S A) => map A program))         laws))		
«ROOT».ModelMorphism.noConfusion	«ROOT».Algebra.Universal	def	u,uAns,uS,v	{P : Sort u} →   {S : «ROOT».Signature.{uS, uAns}} →     {M : Type uAns → Type v} →       {inst : Monad.{uAns, v} M} →         {t : @«ROOT».ModelMorphism.{uAns, uS, v} S M inst} →           {S' : «ROOT».Signature.{uS, uAns}} →             {M' : Type uAns → Type v} →               {inst' : Monad.{uAns, v} M'} →                 {t' : @«ROOT».ModelMorphism.{uAns, uS, v} S' M' inst'} →                   (eq_1 : @Eq.{max (uAns + 2) (uS + 2)} «ROOT».Signature.{uS, uAns} S S') →                     (eq_2 : @Eq.{max (uAns + 2) (v + 2)} (Type uAns → Type v) M M') →                       (eq_3 : @HEq.{(max (uAns + 1) v) + 1} (Monad.{uAns, v} M) inst (Monad.{uAns, v} M') inst') →                         (eq_4 :                             @HEq.{max (max (uAns + 2) (uS + 1)) (v + 1)} (@«ROOT».ModelMorphism.{uAns, uS, v} S M inst)                               t (@«ROOT».ModelMorphism.{uAns, uS, v} S' M' inst') t') →                           @«ROOT».ModelMorphism.noConfusionType.{u, uAns, uS, v} P S M inst t S' M' inst' t'	fun {P : Sort u} {S : «ROOT».Signature.{uS, uAns}} {M : Type uAns → Type v} {inst : Monad.{uAns, v} M}     {t : @«ROOT».ModelMorphism.{uAns, uS, v} S M inst} {S' : «ROOT».Signature.{uS, uAns}} {M' : Type uAns → Type v}     {inst' : Monad.{uAns, v} M'} {t' : @«ROOT».ModelMorphism.{uAns, uS, v} S' M' inst'}     (eq_1 : @Eq.{max (uAns + 2) (uS + 2)} «ROOT».Signature.{uS, uAns} S S')     (eq_2 : @Eq.{max (uAns + 2) (v + 2)} (Type uAns → Type v) M M')     (eq_3 : @HEq.{(max (uAns + 1) v) + 1} (Monad.{uAns, v} M) inst (Monad.{uAns, v} M') inst')     (eq_4 :       @HEq.{max (max (uAns + 2) (uS + 1)) (v + 1)} (@«ROOT».ModelMorphism.{uAns, uS, v} S M inst) t         (@«ROOT».ModelMorphism.{uAns, uS, v} S' M' inst') t') =>   @Eq.ndrec.{imax (max (max (uAns + 2) (uS + 1)) (v + 1)) u, max (uAns + 2) (uS + 2)} «ROOT».Signature.{uS, uAns} S     (fun {S' : «ROOT».Signature.{uS, uAns}} =>       {t' : @«ROOT».ModelMorphism.{uAns, uS, v} S' M' inst'} →         (eq_4 :             @HEq.{max (max (uAns + 2) (uS + 1)) (v + 1)} (@«ROOT».ModelMorphism.{uAns, uS, v} S M inst) t               (@«ROOT».ModelMorphism.{uAns, uS, v} S' M' inst') t') →           @«ROOT».ModelMorphism.noConfusionType.{u, uAns, uS, v} P S M inst t S' M' inst' t')     (fun {t' : @«ROOT».ModelMorphism.{uAns, uS, v} S M' inst'}         (eq_4 :           @HEq.{max (max (uAns + 2) (uS + 1)) (v + 1)} (@«ROOT».ModelMorphism.{uAns, uS, v} S M inst) t             (@«ROOT».ModelMorphism.{uAns, uS, v} S M' inst') t') =>       @Eq.ndrec.{imax (max (uAns + 2) (v + 1)) (max (max (uAns + 2) (uS + 1)) (v + 1)) u, max (uAns + 2) (v + 2)}         (Type uAns → Type v) M         (fun {M' : Type uAns → Type v} =>           {inst' : Monad.{uAns, v} M'} →             (eq_3 : @HEq.{(max (uAns + 1) v) + 1} (Monad.{uAns, v} M) inst (Monad.{uAns, v} M') inst') →               {t' : @«ROOT».ModelMorphism.{uAns, uS, v} S M' inst'} →                 (eq_4 :                     @HEq.{max (max (uAns + 2) (uS + 1)) (v + 1)} (@«ROOT».ModelMorphism.{uAns, uS, v} S M inst) t                       (@«ROOT».ModelMorphism.{uAns, uS, v} S M' inst') t') →                   @«ROOT».ModelMorphism.noConfusionType.{u, uAns, uS, v} P S M inst t S M' inst' t')         (fun {inst' : Monad.{uAns, v} M}             (eq_3 : @HEq.{(max (uAns + 1) v) + 1} (Monad.{uAns, v} M) inst (Monad.{uAns, v} M) inst')             {t' : @«ROOT».ModelMorphism.{uAns, uS, v} S M inst'}             (eq_4 :               @HEq.{max (max (uAns + 2) (uS + 1)) (v + 1)} (@«ROOT».ModelMorphism.{uAns, uS, v} S M inst) t                 (@«ROOT».ModelMorphism.{uAns, uS, v} S M inst') t') =>           @Eq.ndrec.{imax (max (max (uAns + 2) (uS + 1)) (v + 1)) u, (max (uAns + 1) v) + 1} (Monad.{uAns, v} M) inst             (fun {inst' : Monad.{uAns, v} M} =>               {t' : @«ROOT».ModelMorphism.{uAns, uS, v} S M inst'} →                 (eq_4 :                     @HEq.{max (max (uAns + 2) (uS + 1)) (v + 1)} (@«ROOT».ModelMorphism.{uAns, uS, v} S M inst) t                       (@«ROOT».ModelMorphism.{uAns, uS, v} S M inst') t') →                   @«ROOT».ModelMorphism.noConfusionType.{u, uAns, uS, v} P S M inst t S M inst' t')             (fun {t' : @«ROOT».ModelMorphism.{uAns, uS, v} S M inst}                 (eq_4 :                   @HEq.{max (max (uAns + 2) (uS + 1)) (v + 1)} (@«ROOT».ModelMorphism.{uAns, uS, v} S M inst) t                     (@«ROOT».ModelMorphism.{uAns, uS, v} S M inst) t') =>               @Eq.ndrec.{u, max (max (uAns + 2) (uS + 1)) (v + 1)} (@«ROOT».ModelMorphism.{uAns, uS, v} S M inst) t                 (fun {t' : @«ROOT».ModelMorphism.{uAns, uS, v} S M inst} =>                   @«ROOT».ModelMorphism.noConfusionType.{u, uAns, uS, v} P S M inst t S M inst t')                 (@«ROOT».ModelMorphism.casesOn.{u, uAns, uS, v} S M inst                   (fun {t : @«ROOT».ModelMorphism.{uAns, uS, v} S M inst} =>                     @«ROOT».ModelMorphism.noConfusionType.{u, uAns, uS, v} P S M inst t S M inst t)                   t                   fun (map : (A : Type uAns) → «ROOT».Program.{uAns, uS} S A → M A)                     (laws :                       @«ROOT».IsMonadMorphism.{uAns, uS, v} S M inst                         fun {A : Type uAns} (program : «ROOT».Program.{uAns, uS} S A) => map A program)                     (k :                       (map_eq :                           @HEq.{max (max (uAns + 2) (uS + 1)) (v + 1)}                             ((A : Type uAns) → «ROOT».Program.{uAns, uS} S A → M A) map                             ((A : Type uAns) → «ROOT».Program.{uAns, uS} S A → M A) map) →                         P) =>                   k                     (@HEq.refl.{max (max (uAns + 2) (uS + 1)) (v + 1)}                       ((A : Type uAns) → «ROOT».Program.{uAns, uS} S A → M A) map))                 t'                 (@eq_of_heq.{max (max (uAns + 2) (uS + 1)) (v + 1)} (@«ROOT».ModelMorphism.{uAns, uS, v} S M inst) t t'                   eq_4))             inst' (@eq_of_heq.{(max (uAns + 1) v) + 1} (Monad.{uAns, v} M) inst inst' eq_3) t' eq_4)         M' eq_2 inst' eq_3 t' eq_4)     S' eq_1 t' eq_4	
«ROOT».ModelMorphism.noConfusionType	«ROOT».Algebra.Universal	def	u,uAns,uS,v	(P : Sort u) →   {S : «ROOT».Signature.{uS, uAns}} →     {M : Type uAns → Type v} →       [inst : Monad.{uAns, v} M] →         (t : @«ROOT».ModelMorphism.{uAns, uS, v} S M inst) →           {S' : «ROOT».Signature.{uS, uAns}} →             {M' : Type uAns → Type v} →               [inst' : Monad.{uAns, v} M'] → (t' : @«ROOT».ModelMorphism.{uAns, uS, v} S' M' inst') → Sort u	fun (P : Sort u) {S : «ROOT».Signature.{uS, uAns}} {M : Type uAns → Type v} [inst : Monad.{uAns, v} M]     (t : @«ROOT».ModelMorphism.{uAns, uS, v} S M inst) {S' : «ROOT».Signature.{uS, uAns}} {M' : Type uAns → Type v}     [inst' : Monad.{uAns, v} M'] (t' : @«ROOT».ModelMorphism.{uAns, uS, v} S' M' inst') =>   @«ROOT».ModelMorphism.casesOn.{u + 1, uAns, uS, v} S M inst     (fun (t : @«ROOT».ModelMorphism.{uAns, uS, v} S M inst) => Sort u) t     fun (map : (A : Type uAns) → «ROOT».Program.{uAns, uS} S A → M A)       (laws :         @«ROOT».IsMonadMorphism.{uAns, uS, v} S M inst           fun {A : Type uAns} (program : «ROOT».Program.{uAns, uS} S A) => map A program) =>     @«ROOT».ModelMorphism.casesOn.{u + 1, uAns, uS, v} S' M' inst'       (fun (t : @«ROOT».ModelMorphism.{uAns, uS, v} S' M' inst') => Sort u) t'       fun (map_1 : (A : Type uAns) → «ROOT».Program.{uAns, uS} S' A → M' A)         (laws :           @«ROOT».IsMonadMorphism.{uAns, uS, v} S' M' inst'             fun {A : Type uAns} (program : «ROOT».Program.{uAns, uS} S' A) => map_1 A program) =>       ((map_eq :             @HEq.{max (max (uAns + 2) (uS + 1)) (v + 1)} ((A : Type uAns) → «ROOT».Program.{uAns, uS} S A → M A) map               ((A : Type uAns) → «ROOT».Program.{uAns, uS} S' A → M' A) map_1) →           P) →         P	
«ROOT».ModelMorphism.ofIsMonadMorphism	«ROOT».Algebra.Universal	def	uAns,uS,v	{S : «ROOT».Signature.{uS, uAns}} →   {M : Type uAns → Type v} →     [inst : Monad.{uAns, v} M] →       (map : {A : Type uAns} → «ROOT».Program.{uAns, uS} S A → M A) →         (laws : @«ROOT».IsMonadMorphism.{uAns, uS, v} S M inst fun {A : Type uAns} => @map A) →           @«ROOT».ModelMorphism.{uAns, uS, v} S M inst	fun {S : «ROOT».Signature.{uS, uAns}} {M : Type uAns → Type v} [inst : Monad.{uAns, v} M]     (map : {A : Type uAns} → «ROOT».Program.{uAns, uS} S A → M A)     (laws : @«ROOT».IsMonadMorphism.{uAns, uS, v} S M inst fun {A : Type uAns} => @map A) =>   @«ROOT».ModelMorphism.mk.{uAns, uS, v} S M inst     (fun (x : Type uAns) (program : «ROOT».Program.{uAns, uS} S x) => @map x program) laws	
«ROOT».ModelMorphism.ofIsMonadMorphism_map	«ROOT».Algebra.Universal	theorem	uAns,uS,v	∀ {S : «ROOT».Signature.{uS, uAns}} {M : Type uAns → Type v} [inst : Monad.{uAns, v} M]   (map : {A : Type uAns} → «ROOT».Program.{uAns, uS} S A → M A)   (laws : @«ROOT».IsMonadMorphism.{uAns, uS, v} S M inst fun {A : Type uAns} => @map A) {A : Type uAns}   (program : «ROOT».Program.{uAns, uS} S A),   @Eq.{v + 1} (M A)     (@«ROOT».ModelMorphism.map.{uAns, uS, v} S M inst       (@«ROOT».ModelMorphism.ofIsMonadMorphism.{uAns, uS, v} S M inst (fun {A : Type uAns} => @map A) laws) A program)     (@map A program)		
«ROOT».ModelMorphism.ofIsMonadMorphism_toIsMonadMorphism	«ROOT».Algebra.Universal	theorem	uAns,uS,v	∀ {S : «ROOT».Signature.{uS, uAns}} {M : Type uAns → Type v} [inst : Monad.{uAns, v} M]   (morphism : @«ROOT».ModelMorphism.{uAns, uS, v} S M inst),   @Eq.{max (max (uAns + 2) (uS + 1)) (v + 1)} (@«ROOT».ModelMorphism.{uAns, uS, v} S M inst)     (@«ROOT».ModelMorphism.ofIsMonadMorphism.{uAns, uS, v} S M inst       (fun {A : Type uAns} (program : «ROOT».Program.{uAns, uS} S A) =>         @«ROOT».ModelMorphism.map.{uAns, uS, v} S M inst morphism A program)       (@«ROOT».ModelMorphism.toIsMonadMorphism.{uAns, uS, v} S M inst morphism))     morphism		Quot.sound
«ROOT».ModelMorphism.rec	«ROOT».Algebra.Universal	recursor	u,uAns,uS,v	{S : «ROOT».Signature.{uS, uAns}} →   {M : Type uAns → Type v} →     [inst : Monad.{uAns, v} M] →       {motive : (t : @«ROOT».ModelMorphism.{uAns, uS, v} S M inst) → Sort u} →         (mk :             (map : (A : Type uAns) → «ROOT».Program.{uAns, uS} S A → M A) →               (laws :                   @«ROOT».IsMonadMorphism.{uAns, uS, v} S M inst                     fun {A : Type uAns} (program : «ROOT».Program.{uAns, uS} S A) => map A program) →                 motive (@«ROOT».ModelMorphism.mk.{uAns, uS, v} S M inst map laws)) →           (t : @«ROOT».ModelMorphism.{uAns, uS, v} S M inst) → motive t		
«ROOT».ModelMorphism.recOn	«ROOT».Algebra.Universal	def	u,uAns,uS,v	{S : «ROOT».Signature.{uS, uAns}} →   {M : Type uAns → Type v} →     [inst : Monad.{uAns, v} M] →       {motive : (t : @«ROOT».ModelMorphism.{uAns, uS, v} S M inst) → Sort u} →         (t : @«ROOT».ModelMorphism.{uAns, uS, v} S M inst) →           (mk :               (map : (A : Type uAns) → «ROOT».Program.{uAns, uS} S A → M A) →                 (laws :                     @«ROOT».IsMonadMorphism.{uAns, uS, v} S M inst                       fun {A : Type uAns} (program : «ROOT».Program.{uAns, uS} S A) => map A program) →                   motive (@«ROOT».ModelMorphism.mk.{uAns, uS, v} S M inst map laws)) →             motive t	fun {S : «ROOT».Signature.{uS, uAns}} {M : Type uAns → Type v} [inst : Monad.{uAns, v} M]     {motive : (t : @«ROOT».ModelMorphism.{uAns, uS, v} S M inst) → Sort u}     (t : @«ROOT».ModelMorphism.{uAns, uS, v} S M inst)     (mk :       (map : (A : Type uAns) → «ROOT».Program.{uAns, uS} S A → M A) →         (laws :             @«ROOT».IsMonadMorphism.{uAns, uS, v} S M inst               fun {A : Type uAns} (program : «ROOT».Program.{uAns, uS} S A) => map A program) →           motive (@«ROOT».ModelMorphism.mk.{uAns, uS, v} S M inst map laws)) =>   @«ROOT».ModelMorphism.rec.{u, uAns, uS, v} S M inst motive mk t	
«ROOT».ModelMorphism.toIsMonadMorphism	«ROOT».Algebra.Universal	theorem	uAns,uS,v	∀ {S : «ROOT».Signature.{uS, uAns}} {M : Type uAns → Type v} [inst : Monad.{uAns, v} M]   (morphism : @«ROOT».ModelMorphism.{uAns, uS, v} S M inst),   @«ROOT».IsMonadMorphism.{uAns, uS, v} S M inst fun {A : Type uAns} (program : «ROOT».Program.{uAns, uS} S A) =>     @«ROOT».ModelMorphism.map.{uAns, uS, v} S M inst morphism A program		
«ROOT».Program	«ROOT».Algebra.Program	inductive	uAns,uOp	(signature : «ROOT».Signature.{uOp, uAns}) → (A : Type uAns) → Type (max uOp uAns)		
«ROOT».Program._sizeOf_1	«ROOT».Algebra.Program	def	uAns,uOp	{signature : «ROOT».Signature.{uOp, uAns}} →   {A : Type uAns} → [SizeOf.{uAns + 1} A] → (t : «ROOT».Program.{uAns, uOp} signature A) → Nat	fun {signature : «ROOT».Signature.{uOp, uAns}} {A : Type uAns} [inst : SizeOf.{uAns + 1} A]     (t : «ROOT».Program.{uAns, uOp} signature A) =>   @«ROOT».Program.rec.{1, uAns, uOp} signature A (fun (t : «ROOT».Program.{uAns, uOp} signature A) => Nat)     (fun (value : A) =>       @HAdd.hAdd.{0, 0, 0} Nat Nat Nat (@instHAdd.{0} Nat instAddNat)         (@OfNat.ofNat.{0} Nat (nat_lit 1) (instOfNatNat (nat_lit 1))) (@SizeOf.sizeOf.{uAns + 1} A inst value))     (fun (operation : «ROOT».Signature.Op.{uOp, uAns} signature)         (next : «ROOT».Signature.Answer.{uOp, uAns} signature operation → «ROOT».Program.{uAns, uOp} signature A)         (next_ih : «ROOT».Signature.Answer.{uOp, uAns} signature operation → Nat) =>       @HAdd.hAdd.{0, 0, 0} Nat Nat Nat (@instHAdd.{0} Nat instAddNat)         (@OfNat.ofNat.{0} Nat (nat_lit 1) (instOfNatNat (nat_lit 1)))         (@SizeOf.sizeOf.{uOp + 1} («ROOT».Signature.Op.{uOp, uAns} signature)           (instSizeOfDefault.{uOp + 1} («ROOT».Signature.Op.{uOp, uAns} signature)) operation))     t	
«ROOT».Program._sizeOf_inst	«ROOT».Algebra.Program	def	uAns,uOp	(signature : «ROOT».Signature.{uOp, uAns}) →   (A : Type uAns) → [SizeOf.{uAns + 1} A] → SizeOf.{max (uAns + 1) (uOp + 1)} («ROOT».Program.{uAns, uOp} signature A)	fun (signature : «ROOT».Signature.{uOp, uAns}) (A : Type uAns) [inst : SizeOf.{uAns + 1} A] =>   @SizeOf.mk.{max (uAns + 1) (uOp + 1)} («ROOT».Program.{uAns, uOp} signature A)     fun (m : «ROOT».Program.{uAns, uOp} signature A) => @«ROOT».Program._sizeOf_1.{uAns, uOp} signature A inst m	
«ROOT».Program.below	«ROOT».Algebra.Program	def	u,uAns,uOp	{signature : «ROOT».Signature.{uOp, uAns}} →   {A : Type uAns} →     {motive : (t : «ROOT».Program.{uAns, uOp} signature A) → Sort u} →       (t : «ROOT».Program.{uAns, uOp} signature A) → Sort (max ((max uOp uAns) + 1) u)	fun {signature : «ROOT».Signature.{uOp, uAns}} {A : Type uAns}     {motive : (t : «ROOT».Program.{uAns, uOp} signature A) → Sort u} (t : «ROOT».Program.{uAns, uOp} signature A) =>   @«ROOT».Program.rec.{(max ((max uOp uAns) + 1) u) + 1, uAns, uOp} signature A     (fun (t : «ROOT».Program.{uAns, uOp} signature A) => Sort (max ((max uOp uAns) + 1) u))     (fun (value : A) => PUnit.{max ((max uOp uAns) + 1) u})     (fun (operation : «ROOT».Signature.Op.{uOp, uAns} signature)         (next : «ROOT».Signature.Answer.{uOp, uAns} signature operation → «ROOT».Program.{uAns, uOp} signature A)         (next_ih : «ROOT».Signature.Answer.{uOp, uAns} signature operation → Sort (max ((max uOp uAns) + 1) u)) =>       (a : «ROOT».Signature.Answer.{uOp, uAns} signature operation) →         PProd.{u, max ((max uOp uAns) + 1) u} (motive (next a)) (next_ih a))     t	
«ROOT».Program.bind	«ROOT».Algebra.Program	def	u_1,u_2	{S : «ROOT».Signature.{u_1, u_2}} →   {A B : Type u_2} →     «ROOT».Program.{u_2, u_1} S A → (A → «ROOT».Program.{u_2, u_1} S B) → «ROOT».Program.{u_2, u_1} S B	fun {S : «ROOT».Signature.{u_1, u_2}} {A B : Type u_2} (x : «ROOT».Program.{u_2, u_1} S A)     (x_1 : A → «ROOT».Program.{u_2, u_1} S B) =>   @«ROOT».Program.brecOn.{max (u_1 + 1) (u_2 + 1), u_2, u_1} S A     (fun (x : «ROOT».Program.{u_2, u_1} S A) => (A → «ROOT».Program.{u_2, u_1} S B) → «ROOT».Program.{u_2, u_1} S B)     x (@«ROOT».Program.bind._f.{u_1, u_2} S A B) x_1	
«ROOT».Program.bind._f	«ROOT».Algebra.Program	def	u_1,u_2	{S : «ROOT».Signature.{u_1, u_2}} →   {A B : Type u_2} →     (x : «ROOT».Program.{u_2, u_1} S A) →       (f :           @«ROOT».Program.below.{max (u_1 + 1) (u_2 + 1), u_2, u_1} S A             (fun (x : «ROOT».Program.{u_2, u_1} S A) =>               (A → «ROOT».Program.{u_2, u_1} S B) → «ROOT».Program.{u_2, u_1} S B)             x) →         (A → «ROOT».Program.{u_2, u_1} S B) → «ROOT».Program.{u_2, u_1} S B	fun {S : «ROOT».Signature.{u_1, u_2}} {A B : Type u_2} (x : «ROOT».Program.{u_2, u_1} S A)     (f :       @«ROOT».Program.below.{max (u_1 + 1) (u_2 + 1), u_2, u_1} S A         (fun (x : «ROOT».Program.{u_2, u_1} S A) =>           (A → «ROOT».Program.{u_2, u_1} S B) → «ROOT».Program.{u_2, u_1} S B)         x)     (x_1 : A → «ROOT».Program.{u_2, u_1} S B) =>   @«ROOT».Program.bind.match_1.{u_2, u_1, max (u_1 + 1) (u_2 + 1)} S A B     (fun (x : «ROOT».Program.{u_2, u_1} S A) (x_2 : A → «ROOT».Program.{u_2, u_1} S B) =>       @«ROOT».Program.below.{max (u_1 + 1) (u_2 + 1), u_2, u_1} S A           (fun (x : «ROOT».Program.{u_2, u_1} S A) =>             (A → «ROOT».Program.{u_2, u_1} S B) → «ROOT».Program.{u_2, u_1} S B)           x →         «ROOT».Program.{u_2, u_1} S B)     x x_1     (fun (value : A) (next : A → «ROOT».Program.{u_2, u_1} S B)         (x :           @«ROOT».Program.below.{max (u_1 + 1) (u_2 + 1), u_2, u_1} S A             (fun (x : «ROOT».Program.{u_2, u_1} S A) =>               (A → «ROOT».Program.{u_2, u_1} S B) → «ROOT».Program.{u_2, u_1} S B)             (@«ROOT».Program.pure.{u_2, u_1} S A value)) =>       next value)     (fun (operation : «ROOT».Signature.Op.{u_1, u_2} S)         (rest : «ROOT».Signature.Answer.{u_1, u_2} S operation → «ROOT».Program.{u_2, u_1} S A)         (next : A → «ROOT».Program.{u_2, u_1} S B)         (x :           @«ROOT».Program.below.{max (u_1 + 1) (u_2 + 1), u_2, u_1} S A             (fun (x : «ROOT».Program.{u_2, u_1} S A) =>               (A → «ROOT».Program.{u_2, u_1} S B) → «ROOT».Program.{u_2, u_1} S B)             (@«ROOT».Program.vis.{u_2, u_1} S A operation rest)) =>       @«ROOT».Program.vis.{u_2, u_1} S B operation fun (answer : «ROOT».Signature.Answer.{u_1, u_2} S operation) =>         (x answer).1 next)     f	
«ROOT».Program.bind._sunfold	«ROOT».Algebra.Program	def	u_1,u_2	{S : «ROOT».Signature.{u_1, u_2}} →   {A B : Type u_2} →     «ROOT».Program.{u_2, u_1} S A → (A → «ROOT».Program.{u_2, u_1} S B) → «ROOT».Program.{u_2, u_1} S B	fun {S : «ROOT».Signature.{u_1, u_2}} {A B : Type u_2} (x : «ROOT».Program.{u_2, u_1} S A)     (x_1 : A → «ROOT».Program.{u_2, u_1} S B) =>   @«ROOT».Program.bind.match_1.{u_2, u_1, max (u_1 + 1) (u_2 + 1)} S A B     (fun (x : «ROOT».Program.{u_2, u_1} S A) (x_2 : A → «ROOT».Program.{u_2, u_1} S B) =>       «ROOT».Program.{u_2, u_1} S B)     x x_1 (fun (value : A) (next : A → «ROOT».Program.{u_2, u_1} S B) => next value)     fun (operation : «ROOT».Signature.Op.{u_1, u_2} S)       (rest : «ROOT».Signature.Answer.{u_1, u_2} S operation → «ROOT».Program.{u_2, u_1} S A)       (next : A → «ROOT».Program.{u_2, u_1} S B) =>     @«ROOT».Program.vis.{u_2, u_1} S B operation fun (answer : «ROOT».Signature.Answer.{u_1, u_2} S operation) =>       @«ROOT».Program.bind.{u_1, u_2} S A B (rest answer) next	
«ROOT».Program.bind._unsafe_rec	«ROOT».Algebra.Program	def	u_1,u_2	{S : «ROOT».Signature.{u_1, u_2}} →   {A B : Type u_2} →     «ROOT».Program.{u_2, u_1} S A → (A → «ROOT».Program.{u_2, u_1} S B) → «ROOT».Program.{u_2, u_1} S B	fun {S : «ROOT».Signature.{u_1, u_2}} {A B : Type u_2} (x : «ROOT».Program.{u_2, u_1} S A)     (x_1 : A → «ROOT».Program.{u_2, u_1} S B) =>   @«ROOT».Program.bind.match_1.{u_2, u_1, max (u_1 + 1) (u_2 + 1)} S A B     (fun (x : «ROOT».Program.{u_2, u_1} S A) (x_2 : A → «ROOT».Program.{u_2, u_1} S B) =>       «ROOT».Program.{u_2, u_1} S B)     x x_1 (fun (value : A) (next : A → «ROOT».Program.{u_2, u_1} S B) => next value)     fun (operation : «ROOT».Signature.Op.{u_1, u_2} S)       (rest : «ROOT».Signature.Answer.{u_1, u_2} S operation → «ROOT».Program.{u_2, u_1} S A)       (next : A → «ROOT».Program.{u_2, u_1} S B) =>     @«ROOT».Program.vis.{u_2, u_1} S B operation fun (answer : «ROOT».Signature.Answer.{u_1, u_2} S operation) =>       @«ROOT».Program.bind._unsafe_rec.{u_1, u_2} S A B (rest answer) next	
«ROOT».Program.bind.eq_1	«ROOT».Algebra.Laws	theorem	u_1,u_2	∀ {S : «ROOT».Signature.{u_1, u_2}} {A B : Type u_2} (x : A → «ROOT».Program.{u_2, u_1} S B) (value : A),   @Eq.{(max u_1 u_2) + 1} («ROOT».Program.{u_2, u_1} S B)     (@«ROOT».Program.bind.{u_1, u_2} S A B (@«ROOT».Program.pure.{u_2, u_1} S A value) x) (x value)		
«ROOT».Program.bind.eq_2	«ROOT».Algebra.Laws	theorem	u_1,u_2	∀ {S : «ROOT».Signature.{u_1, u_2}} {A B : Type u_2} (x : A → «ROOT».Program.{u_2, u_1} S B)   (operation : «ROOT».Signature.Op.{u_1, u_2} S)   (rest : «ROOT».Signature.Answer.{u_1, u_2} S operation → «ROOT».Program.{u_2, u_1} S A),   @Eq.{(max u_1 u_2) + 1} («ROOT».Program.{u_2, u_1} S B)     (@«ROOT».Program.bind.{u_1, u_2} S A B (@«ROOT».Program.vis.{u_2, u_1} S A operation rest) x)     (@«ROOT».Program.vis.{u_2, u_1} S B operation fun (answer : «ROOT».Signature.Answer.{u_1, u_2} S operation) =>       @«ROOT».Program.bind.{u_1, u_2} S A B (rest answer) x)		
«ROOT».Program.bind.eq_def	«ROOT».Algebra.Laws	theorem	u_1,u_2	∀ {S : «ROOT».Signature.{u_1, u_2}} {A B : Type u_2} (x : «ROOT».Program.{u_2, u_1} S A)   (x_1 : A → «ROOT».Program.{u_2, u_1} S B),   @Eq.{(max u_1 u_2) + 1} («ROOT».Program.{u_2, u_1} S B) (@«ROOT».Program.bind.{u_1, u_2} S A B x x_1)     (@«ROOT».Program.bind.match_1.{u_2, u_1, max (u_1 + 1) (u_2 + 1)} S A B       (fun (x : «ROOT».Program.{u_2, u_1} S A) (x_2 : A → «ROOT».Program.{u_2, u_1} S B) =>         «ROOT».Program.{u_2, u_1} S B)       x x_1 (fun (value : A) (next : A → «ROOT».Program.{u_2, u_1} S B) => next value)       fun (operation : «ROOT».Signature.Op.{u_1, u_2} S)         (rest : «ROOT».Signature.Answer.{u_1, u_2} S operation → «ROOT».Program.{u_2, u_1} S A)         (next : A → «ROOT».Program.{u_2, u_1} S B) =>       @«ROOT».Program.vis.{u_2, u_1} S B operation fun (answer : «ROOT».Signature.Answer.{u_1, u_2} S operation) =>         @«ROOT».Program.bind.{u_1, u_2} S A B (rest answer) next)		
«ROOT».Program.bind.match_1	«ROOT».Algebra.Program	def	u_1,u_2,u_3	{S : «ROOT».Signature.{u_2, u_1}} →   {A B : Type u_1} →     (motive : «ROOT».Program.{u_1, u_2} S A → (A → «ROOT».Program.{u_1, u_2} S B) → Sort u_3) →       (x : «ROOT».Program.{u_1, u_2} S A) →         (x_1 : A → «ROOT».Program.{u_1, u_2} S B) →           (h_1 :               (value : A) →                 (next : A → «ROOT».Program.{u_1, u_2} S B) →                   motive (@«ROOT».Program.pure.{u_1, u_2} S A value) next) →             (h_2 :                 (operation : «ROOT».Signature.Op.{u_2, u_1} S) →                   (rest : «ROOT».Signature.Answer.{u_2, u_1} S operation → «ROOT».Program.{u_1, u_2} S A) →                     (next : A → «ROOT».Program.{u_1, u_2} S B) →                       motive (@«ROOT».Program.vis.{u_1, u_2} S A operation rest) next) →               motive x x_1	fun {S : «ROOT».Signature.{u_2, u_1}} {A B : Type u_1}     (motive : «ROOT».Program.{u_1, u_2} S A → (A → «ROOT».Program.{u_1, u_2} S B) → Sort u_3)     (x : «ROOT».Program.{u_1, u_2} S A) (x_1 : A → «ROOT».Program.{u_1, u_2} S B)     (h_1 :       (value : A) →         (next : A → «ROOT».Program.{u_1, u_2} S B) → motive (@«ROOT».Program.pure.{u_1, u_2} S A value) next)     (h_2 :       (operation : «ROOT».Signature.Op.{u_2, u_1} S) →         (rest : «ROOT».Signature.Answer.{u_2, u_1} S operation → «ROOT».Program.{u_1, u_2} S A) →           (next : A → «ROOT».Program.{u_1, u_2} S B) →             motive (@«ROOT».Program.vis.{u_1, u_2} S A operation rest) next) =>   @«ROOT».Program.casesOn.{u_3, u_1, u_2} S A (fun (x : «ROOT».Program.{u_1, u_2} S A) => motive x x_1) x     (fun (value : A) => h_1 value x_1)     fun (operation : «ROOT».Signature.Op.{u_2, u_1} S)       (next : «ROOT».Signature.Answer.{u_2, u_1} S operation → «ROOT».Program.{u_1, u_2} S A) =>     h_2 operation next x_1	
«ROOT».Program.bind_assoc	«ROOT».Algebra.Laws	theorem	u_1,u_2	∀ {S : «ROOT».Signature.{u_1, u_2}} {A B C : Type u_2} (program : «ROOT».Program.{u_2, u_1} S A)   (next : A → «ROOT».Program.{u_2, u_1} S B) (last : B → «ROOT».Program.{u_2, u_1} S C),   @Eq.{max (u_1 + 1) (u_2 + 1)} («ROOT».Program.{u_2, u_1} S C)     (@«ROOT».Program.bind.{u_1, u_2} S B C (@«ROOT».Program.bind.{u_1, u_2} S A B program next) last)     (@«ROOT».Program.bind.{u_1, u_2} S A C program fun (value : A) =>       @«ROOT».Program.bind.{u_1, u_2} S B C (next value) last)		Quot.sound
«ROOT».Program.bind_pure_right	«ROOT».Algebra.Laws	theorem	u_1,u_2	∀ {S : «ROOT».Signature.{u_1, u_2}} {A : Type u_2} (program : «ROOT».Program.{u_2, u_1} S A),   @Eq.{max (u_1 + 1) (u_2 + 1)} («ROOT».Program.{u_2, u_1} S A)     (@«ROOT».Program.bind.{u_1, u_2} S A A program (@«ROOT».Program.pure.{u_2, u_1} S A)) program		Quot.sound
«ROOT».Program.brecOn	«ROOT».Algebra.Program	def	u,uAns,uOp	{signature : «ROOT».Signature.{uOp, uAns}} →   {A : Type uAns} →     {motive : (t : «ROOT».Program.{uAns, uOp} signature A) → Sort u} →       (t : «ROOT».Program.{uAns, uOp} signature A) →         (F_1 :             (t : «ROOT».Program.{uAns, uOp} signature A) →               (f : @«ROOT».Program.below.{u, uAns, uOp} signature A motive t) → motive t) →           motive t	fun {signature : «ROOT».Signature.{uOp, uAns}} {A : Type uAns}     {motive : (t : «ROOT».Program.{uAns, uOp} signature A) → Sort u} (t : «ROOT».Program.{uAns, uOp} signature A)     (F_1 :       (t : «ROOT».Program.{uAns, uOp} signature A) →         (f : @«ROOT».Program.below.{u, uAns, uOp} signature A motive t) → motive t) =>   (@«ROOT».Program.brecOn.go.{u, uAns, uOp} signature A motive t F_1).1	
«ROOT».Program.brecOn.eq	«ROOT».Algebra.Program	theorem	u,uAns,uOp	∀ {signature : «ROOT».Signature.{uOp, uAns}} {A : Type uAns}   {motive : (t : «ROOT».Program.{uAns, uOp} signature A) → Sort u} (t : «ROOT».Program.{uAns, uOp} signature A)   (F_1 :     (t : «ROOT».Program.{uAns, uOp} signature A) →       (f : @«ROOT».Program.below.{u, uAns, uOp} signature A motive t) → motive t),   @Eq.{u} (motive t) (@«ROOT».Program.brecOn.{u, uAns, uOp} signature A motive t F_1)     (F_1 t (@«ROOT».Program.brecOn.go.{u, uAns, uOp} signature A motive t F_1).2)		
«ROOT».Program.brecOn.go	«ROOT».Algebra.Program	def	u,uAns,uOp	{signature : «ROOT».Signature.{uOp, uAns}} →   {A : Type uAns} →     {motive : (t : «ROOT».Program.{uAns, uOp} signature A) → Sort u} →       (t : «ROOT».Program.{uAns, uOp} signature A) →         (F_1 :             (t : «ROOT».Program.{uAns, uOp} signature A) →               (f : @«ROOT».Program.below.{u, uAns, uOp} signature A motive t) → motive t) →           PProd.{u, max ((max uOp uAns) + 1) u} (motive t) (@«ROOT».Program.below.{u, uAns, uOp} signature A motive t)	fun {signature : «ROOT».Signature.{uOp, uAns}} {A : Type uAns}     {motive : (t : «ROOT».Program.{uAns, uOp} signature A) → Sort u} (t : «ROOT».Program.{uAns, uOp} signature A)     (F_1 :       (t : «ROOT».Program.{uAns, uOp} signature A) →         (f : @«ROOT».Program.below.{u, uAns, uOp} signature A motive t) → motive t) =>   @«ROOT».Program.rec.{max ((max uOp uAns) + 1) u, uAns, uOp} signature A     (fun (t : «ROOT».Program.{uAns, uOp} signature A) =>       PProd.{u, max ((max uOp uAns) + 1) u} (motive t) (@«ROOT».Program.below.{u, uAns, uOp} signature A motive t))     (fun (value : A) =>       @PProd.mk.{u, max ((max uOp uAns) + 1) u} (motive (@«ROOT».Program.pure.{uAns, uOp} signature A value))         PUnit.{max ((max uOp uAns) + 1) u}         (F_1 (@«ROOT».Program.pure.{uAns, uOp} signature A value) PUnit.unit.{max ((max uOp uAns) + 1) u})         PUnit.unit.{max ((max uOp uAns) + 1) u})     (fun (operation : «ROOT».Signature.Op.{uOp, uAns} signature)         (next : «ROOT».Signature.Answer.{uOp, uAns} signature operation → «ROOT».Program.{uAns, uOp} signature A)         (next_ih :           (a : «ROOT».Signature.Answer.{uOp, uAns} signature operation) →             PProd.{u, max ((max uOp uAns) + 1) u} (motive (next a))               (@«ROOT».Program.below.{u, uAns, uOp} signature A motive (next a))) =>       @PProd.mk.{u, max (max u (uAns + 1)) (uOp + 1)}         (motive (@«ROOT».Program.vis.{uAns, uOp} signature A operation next))         ((a : «ROOT».Signature.Answer.{uOp, uAns} signature operation) →           PProd.{u, max ((max uOp uAns) + 1) u} (motive (next a))             (@«ROOT».Program.below.{u, uAns, uOp} signature A motive (next a)))         (F_1 (@«ROOT».Program.vis.{uAns, uOp} signature A operation next) next_ih) next_ih)     t	
«ROOT».Program.casesOn	«ROOT».Algebra.Program	def	u,uAns,uOp	{signature : «ROOT».Signature.{uOp, uAns}} →   {A : Type uAns} →     {motive : (t : «ROOT».Program.{uAns, uOp} signature A) → Sort u} →       (t : «ROOT».Program.{uAns, uOp} signature A) →         (pure : (value : A) → motive (@«ROOT».Program.pure.{uAns, uOp} signature A value)) →           (vis :               (operation : «ROOT».Signature.Op.{uOp, uAns} signature) →                 (next :                     «ROOT».Signature.Answer.{uOp, uAns} signature operation →                       «ROOT».Program.{uAns, uOp} signature A) →                   motive (@«ROOT».Program.vis.{uAns, uOp} signature A operation next)) →             motive t	fun {signature : «ROOT».Signature.{uOp, uAns}} {A : Type uAns}     {motive : (t : «ROOT».Program.{uAns, uOp} signature A) → Sort u} (t : «ROOT».Program.{uAns, uOp} signature A)     (pure : (value : A) → motive (@«ROOT».Program.pure.{uAns, uOp} signature A value))     (vis :       (operation : «ROOT».Signature.Op.{uOp, uAns} signature) →         (next : «ROOT».Signature.Answer.{uOp, uAns} signature operation → «ROOT».Program.{uAns, uOp} signature A) →           motive (@«ROOT».Program.vis.{uAns, uOp} signature A operation next)) =>   @«ROOT».Program.rec.{u, uAns, uOp} signature A motive (fun (value : A) => pure value)     (fun (operation : «ROOT».Signature.Op.{uOp, uAns} signature)         (next : «ROOT».Signature.Answer.{uOp, uAns} signature operation → «ROOT».Program.{uAns, uOp} signature A)         (next_ih : (a : «ROOT».Signature.Answer.{uOp, uAns} signature operation) → motive (next a)) =>       vis operation next)     t	
«ROOT».Program.ctorElim	«ROOT».Algebra.Program	def	u,uAns,uOp	{signature : «ROOT».Signature.{uOp, uAns}} →   {A : Type uAns} →     {motive : (t : «ROOT».Program.{uAns, uOp} signature A) → Sort u} →       (ctorIdx : Nat) →         (t : «ROOT».Program.{uAns, uOp} signature A) →           (h : @Eq.{1} Nat ctorIdx (@«ROOT».Program.ctorIdx.{uAns, uOp} signature A t)) →             (k : @«ROOT».Program.ctorElimType.{u, uAns, uOp} signature A motive ctorIdx) → motive t	fun {signature : «ROOT».Signature.{uOp, uAns}} {A : Type uAns}     {motive : (t : «ROOT».Program.{uAns, uOp} signature A) → Sort u} (ctorIdx : Nat)     (t : «ROOT».Program.{uAns, uOp} signature A)     (h : @Eq.{1} Nat ctorIdx (@«ROOT».Program.ctorIdx.{uAns, uOp} signature A t))     (k : @«ROOT».Program.ctorElimType.{u, uAns, uOp} signature A motive ctorIdx) =>   @«ROOT».Program.casesOn.{u, uAns, uOp} signature A     (fun (t : «ROOT».Program.{uAns, uOp} signature A) =>       @Eq.{1} Nat ctorIdx (@«ROOT».Program.ctorIdx.{uAns, uOp} signature A t) → motive t)     t     (fun (value : A) (h : @Eq.{1} Nat ctorIdx (nat_lit 0)) =>       @PULift.down.{max (imax (uAns + 1) u) (imax (uOp + 1) (max (uAns + 1) (uOp + 1)) u), imax (uAns + 1) u}         ((value : A) → motive (@«ROOT».Program.pure.{uAns, uOp} signature A value))         (@Eq.ndrec.{max 1 (imax (uAns + 1) u) (imax (uOp + 1) (max (uAns + 1) (uOp + 1)) u), 1} Nat ctorIdx           (@«ROOT».Program.ctorElimType.{u, uAns, uOp} signature A motive) k (nat_lit 0) h)         value)     (fun (operation : «ROOT».Signature.Op.{uOp, uAns} signature)         (next : «ROOT».Signature.Answer.{uOp, uAns} signature operation → «ROOT».Program.{uAns, uOp} signature A)         (h : @Eq.{1} Nat ctorIdx (nat_lit 1)) =>       @PULift.down.{max (imax (uAns + 1) u) (imax (uOp + 1) (max (uAns + 1) (uOp + 1)) u),             imax (uOp + 1) (max (uAns + 1) (uOp + 1)) u}         ((operation : «ROOT».Signature.Op.{uOp, uAns} signature) →           (next : «ROOT».Signature.Answer.{uOp, uAns} signature operation → «ROOT».Program.{uAns, uOp} signature A) →             motive (@«ROOT».Program.vis.{uAns, uOp} signature A operation next))         (@Eq.ndrec.{max 1 (imax (uAns + 1) u) (imax (uOp + 1) (max (uAns + 1) (uOp + 1)) u), 1} Nat ctorIdx           (@«ROOT».Program.ctorElimType.{u, uAns, uOp} signature A motive) k (nat_lit 1) h)         operation next)     h	
«ROOT».Program.ctorElimType	«ROOT».Algebra.Program	def	u,uAns,uOp	{signature : «ROOT».Signature.{uOp, uAns}} →   {A : Type uAns} →     {motive : (t : «ROOT».Program.{uAns, uOp} signature A) → Sort u} →       (ctorIdx : Nat) → Sort (max 1 (imax (uAns + 1) u) (imax (uOp + 1) (max (uAns + 1) (uOp + 1)) u))	fun {signature : «ROOT».Signature.{uOp, uAns}} {A : Type uAns}     {motive : (t : «ROOT».Program.{uAns, uOp} signature A) → Sort u} (ctorIdx : Nat) =>   @cond.{(max 1 (imax (uAns + 1) u) (imax (uOp + 1) (max (uAns + 1) (uOp + 1)) u)) + 1}     (Sort (max 1 (imax (uAns + 1) u) (imax (uOp + 1) (max (uAns + 1) (uOp + 1)) u))) (Nat.ble ctorIdx (nat_lit 0))     (PULift.{max (imax (uAns + 1) u) (imax (uOp + 1) (max (uAns + 1) (uOp + 1)) u), imax (uAns + 1) u}       ((value : A) → motive (@«ROOT».Program.pure.{uAns, uOp} signature A value)))     (PULift.{max (imax (uAns + 1) u) (imax (uOp + 1) (max (uAns + 1) (uOp + 1)) u),         imax (uOp + 1) (max (uAns + 1) (uOp + 1)) u}       ((operation : «ROOT».Signature.Op.{uOp, uAns} signature) →         (next : «ROOT».Signature.Answer.{uOp, uAns} signature operation → «ROOT».Program.{uAns, uOp} signature A) →           motive (@«ROOT».Program.vis.{uAns, uOp} signature A operation next)))	
«ROOT».Program.ctorIdx	«ROOT».Algebra.Program	def	uAns,uOp	{signature : «ROOT».Signature.{uOp, uAns}} → {A : Type uAns} → «ROOT».Program.{uAns, uOp} signature A → Nat	fun {signature : «ROOT».Signature.{uOp, uAns}} {A : Type uAns} (x : «ROOT».Program.{uAns, uOp} signature A) =>   @«ROOT».Program.casesOn.{1, uAns, uOp} signature A (fun (x : «ROOT».Program.{uAns, uOp} signature A) => Nat) x     (fun (value : A) => nat_lit 0)     fun (operation : «ROOT».Signature.Op.{uOp, uAns} signature)       (next : «ROOT».Signature.Answer.{uOp, uAns} signature operation → «ROOT».Program.{uAns, uOp} signature A) =>     nat_lit 1	
«ROOT».Program.eq_of_all_interpretations	«ROOT».Algebra.Laws	theorem	uAns,uS	∀ {S : «ROOT».Signature.{uS, uAns}} {A : Type uAns} {left right : «ROOT».Program.{uAns, uS} S A}   (equal :     ∀ (M : Type uAns → Type (max uS uAns)) [inst : Monad.{uAns, max uAns uS} M]       [@LawfulMonad.{uAns, max uAns uS} M inst] (handler : «ROOT».Handler.{uAns, uS, max uAns uS} S M),       @Eq.{max (uAns + 1) (uS + 1)} (M A) (@«ROOT».interpret.{uAns, max uAns uS, uS} M S A inst handler left)         (@«ROOT».interpret.{uAns, max uAns uS, uS} M S A inst handler right)),   @Eq.{max (uAns + 1) (uS + 1)} («ROOT».Program.{uAns, uS} S A) left right		Quot.sound,propext
«ROOT».Program.inl	«ROOT».Algebra.Program	def	u_1,u_2,u_3	{S : «ROOT».Signature.{u_1, u_2}} →   {A : Type u_2} →     {T : «ROOT».Signature.{u_3, u_2}} →       «ROOT».Program.{u_2, u_1} S A → «ROOT».Program.{u_2, max u_3 u_1} («ROOT».Signature.sum.{u_2, u_1, u_3} S T) A	fun {S : «ROOT».Signature.{u_1, u_2}} {A : Type u_2} {T : «ROOT».Signature.{u_3, u_2}}     (x : «ROOT».Program.{u_2, u_1} S A) =>   @«ROOT».Program.brecOn.{(max (max u_3 u_1) u_2) + 1, u_2, u_1} S A     (fun (x : «ROOT».Program.{u_2, u_1} S A) =>       «ROOT».Program.{u_2, max u_3 u_1} («ROOT».Signature.sum.{u_2, u_1, u_3} S T) A)     x (@«ROOT».Program.inl._f.{u_1, u_2, u_3} S A T)	
«ROOT».Program.inl._f	«ROOT».Algebra.Program	def	u_1,u_2,u_3	{S : «ROOT».Signature.{u_1, u_2}} →   {A : Type u_2} →     {T : «ROOT».Signature.{u_3, u_2}} →       (x : «ROOT».Program.{u_2, u_1} S A) →         (f :             @«ROOT».Program.below.{(max (max u_3 u_1) u_2) + 1, u_2, u_1} S A               (fun (x : «ROOT».Program.{u_2, u_1} S A) =>                 «ROOT».Program.{u_2, max u_3 u_1} («ROOT».Signature.sum.{u_2, u_1, u_3} S T) A)               x) →           «ROOT».Program.{u_2, max u_3 u_1} («ROOT».Signature.sum.{u_2, u_1, u_3} S T) A	fun {S : «ROOT».Signature.{u_1, u_2}} {A : Type u_2} {T : «ROOT».Signature.{u_3, u_2}}     (x : «ROOT».Program.{u_2, u_1} S A)     (f :       @«ROOT».Program.below.{(max (max u_3 u_1) u_2) + 1, u_2, u_1} S A         (fun (x : «ROOT».Program.{u_2, u_1} S A) =>           «ROOT».Program.{u_2, max u_3 u_1} («ROOT».Signature.sum.{u_2, u_1, u_3} S T) A)         x) =>   @«ROOT».Program.inl.match_1.{u_2, u_1, max (max (u_1 + 1) (u_2 + 1)) (u_3 + 1)} S A     (fun (x : «ROOT».Program.{u_2, u_1} S A) =>       @«ROOT».Program.below.{(max (max u_3 u_1) u_2) + 1, u_2, u_1} S A           (fun (x : «ROOT».Program.{u_2, u_1} S A) =>             «ROOT».Program.{u_2, max u_3 u_1} («ROOT».Signature.sum.{u_2, u_1, u_3} S T) A)           x →         «ROOT».Program.{u_2, max u_3 u_1} («ROOT».Signature.sum.{u_2, u_1, u_3} S T) A)     x     (fun (value : A)         (x :           @«ROOT».Program.below.{(max (max u_3 u_1) u_2) + 1, u_2, u_1} S A             (fun (x : «ROOT».Program.{u_2, u_1} S A) =>               «ROOT».Program.{u_2, max u_3 u_1} («ROOT».Signature.sum.{u_2, u_1, u_3} S T) A)             (@«ROOT».Program.pure.{u_2, u_1} S A value)) =>       @«ROOT».Program.pure.{u_2, max u_1 u_3} («ROOT».Signature.sum.{u_2, u_1, u_3} S T) A value)     (fun (operation : «ROOT».Signature.Op.{u_1, u_2} S)         (next : «ROOT».Signature.Answer.{u_1, u_2} S operation → «ROOT».Program.{u_2, u_1} S A)         (x :           @«ROOT».Program.below.{(max (max u_3 u_1) u_2) + 1, u_2, u_1} S A             (fun (x : «ROOT».Program.{u_2, u_1} S A) =>               «ROOT».Program.{u_2, max u_3 u_1} («ROOT».Signature.sum.{u_2, u_1, u_3} S T) A)             (@«ROOT».Program.vis.{u_2, u_1} S A operation next)) =>       @«ROOT».Program.vis.{u_2, max u_1 u_3} («ROOT».Signature.sum.{u_2, u_1, u_3} S T) A         (@Sum.inl.{u_1, u_3} («ROOT».Signature.Op.{u_1, u_2} S) («ROOT».Signature.Op.{u_3, u_2} T) operation)         fun           (answer :             «ROOT».Signature.Answer.{max u_1 u_3, u_2} («ROOT».Signature.sum.{u_2, u_1, u_3} S T)               (@Sum.inl.{u_1, u_3} («ROOT».Signature.Op.{u_1, u_2} S) («ROOT».Signature.Op.{u_3, u_2} T)                 operation)) =>         (x answer).1)     f	
«ROOT».Program.inl._sunfold	«ROOT».Algebra.Program	def	u_1,u_2,u_3	{S : «ROOT».Signature.{u_1, u_2}} →   {A : Type u_2} →     {T : «ROOT».Signature.{u_3, u_2}} →       «ROOT».Program.{u_2, u_1} S A → «ROOT».Program.{u_2, max u_3 u_1} («ROOT».Signature.sum.{u_2, u_1, u_3} S T) A	fun {S : «ROOT».Signature.{u_1, u_2}} {A : Type u_2} {T : «ROOT».Signature.{u_3, u_2}}     (x : «ROOT».Program.{u_2, u_1} S A) =>   @«ROOT».Program.inl.match_1.{u_2, u_1, max (max (u_1 + 1) (u_2 + 1)) (u_3 + 1)} S A     (fun (x : «ROOT».Program.{u_2, u_1} S A) =>       «ROOT».Program.{u_2, max u_3 u_1} («ROOT».Signature.sum.{u_2, u_1, u_3} S T) A)     x (fun (value : A) => @«ROOT».Program.pure.{u_2, max u_1 u_3} («ROOT».Signature.sum.{u_2, u_1, u_3} S T) A value)     fun (operation : «ROOT».Signature.Op.{u_1, u_2} S)       (next : «ROOT».Signature.Answer.{u_1, u_2} S operation → «ROOT».Program.{u_2, u_1} S A) =>     @«ROOT».Program.vis.{u_2, max u_1 u_3} («ROOT».Signature.sum.{u_2, u_1, u_3} S T) A       (@Sum.inl.{u_1, u_3} («ROOT».Signature.Op.{u_1, u_2} S) («ROOT».Signature.Op.{u_3, u_2} T) operation)       fun         (answer :           «ROOT».Signature.Answer.{max u_1 u_3, u_2} («ROOT».Signature.sum.{u_2, u_1, u_3} S T)             (@Sum.inl.{u_1, u_3} («ROOT».Signature.Op.{u_1, u_2} S) («ROOT».Signature.Op.{u_3, u_2} T) operation)) =>       @«ROOT».Program.inl.{u_1, u_2, u_3} S A T (next answer)	
«ROOT».Program.inl._unsafe_rec	«ROOT».Algebra.Program	def	u_1,u_2,u_3	{S : «ROOT».Signature.{u_1, u_2}} →   {A : Type u_2} →     {T : «ROOT».Signature.{u_3, u_2}} →       «ROOT».Program.{u_2, u_1} S A → «ROOT».Program.{u_2, max u_3 u_1} («ROOT».Signature.sum.{u_2, u_1, u_3} S T) A	fun {S : «ROOT».Signature.{u_1, u_2}} {A : Type u_2} {T : «ROOT».Signature.{u_3, u_2}}     (x : «ROOT».Program.{u_2, u_1} S A) =>   @«ROOT».Program.inl.match_1.{u_2, u_1, max (max (u_1 + 1) (u_2 + 1)) (u_3 + 1)} S A     (fun (x : «ROOT».Program.{u_2, u_1} S A) =>       «ROOT».Program.{u_2, max u_3 u_1} («ROOT».Signature.sum.{u_2, u_1, u_3} S T) A)     x (fun (value : A) => @«ROOT».Program.pure.{u_2, max u_1 u_3} («ROOT».Signature.sum.{u_2, u_1, u_3} S T) A value)     fun (operation : «ROOT».Signature.Op.{u_1, u_2} S)       (next : «ROOT».Signature.Answer.{u_1, u_2} S operation → «ROOT».Program.{u_2, u_1} S A) =>     @«ROOT».Program.vis.{u_2, max u_1 u_3} («ROOT».Signature.sum.{u_2, u_1, u_3} S T) A       (@Sum.inl.{u_1, u_3} («ROOT».Signature.Op.{u_1, u_2} S) («ROOT».Signature.Op.{u_3, u_2} T) operation)       fun         (answer :           «ROOT».Signature.Answer.{max u_1 u_3, u_2} («ROOT».Signature.sum.{u_2, u_1, u_3} S T)             (@Sum.inl.{u_1, u_3} («ROOT».Signature.Op.{u_1, u_2} S) («ROOT».Signature.Op.{u_3, u_2} T) operation)) =>       @«ROOT».Program.inl._unsafe_rec.{u_1, u_2, u_3} S A T (next answer)	
«ROOT».Program.inl.eq_1	«ROOT».Algebra.Sum	theorem	u_1,u_2,u_3	∀ {S : «ROOT».Signature.{u_1, u_2}} {A : Type u_2} {T : «ROOT».Signature.{u_3, u_2}} (value : A),   @Eq.{(max (max u_3 u_1) u_2) + 1} («ROOT».Program.{u_2, max u_3 u_1} («ROOT».Signature.sum.{u_2, u_1, u_3} S T) A)     (@«ROOT».Program.inl.{u_1, u_2, u_3} S A T (@«ROOT».Program.pure.{u_2, u_1} S A value))     (@«ROOT».Program.pure.{u_2, max u_1 u_3} («ROOT».Signature.sum.{u_2, u_1, u_3} S T) A value)		
«ROOT».Program.inl.eq_2	«ROOT».Algebra.Sum	theorem	u_1,u_2,u_3	∀ {S : «ROOT».Signature.{u_1, u_2}} {A : Type u_2} {T : «ROOT».Signature.{u_3, u_2}}   (operation : «ROOT».Signature.Op.{u_1, u_2} S)   (next : «ROOT».Signature.Answer.{u_1, u_2} S operation → «ROOT».Program.{u_2, u_1} S A),   @Eq.{(max (max u_3 u_1) u_2) + 1} («ROOT».Program.{u_2, max u_3 u_1} («ROOT».Signature.sum.{u_2, u_1, u_3} S T) A)     (@«ROOT».Program.inl.{u_1, u_2, u_3} S A T (@«ROOT».Program.vis.{u_2, u_1} S A operation next))     (@«ROOT».Program.vis.{u_2, max u_1 u_3} («ROOT».Signature.sum.{u_2, u_1, u_3} S T) A       (@Sum.inl.{u_1, u_3} («ROOT».Signature.Op.{u_1, u_2} S) («ROOT».Signature.Op.{u_3, u_2} T) operation)       fun         (answer :           «ROOT».Signature.Answer.{max u_1 u_3, u_2} («ROOT».Signature.sum.{u_2, u_1, u_3} S T)             (@Sum.inl.{u_1, u_3} («ROOT».Signature.Op.{u_1, u_2} S) («ROOT».Signature.Op.{u_3, u_2} T) operation)) =>       @«ROOT».Program.inl.{u_1, u_2, u_3} S A T (next answer))		
«ROOT».Program.inl.eq_def	«ROOT».Algebra.Sum	theorem	u_1,u_2,u_3	∀ {S : «ROOT».Signature.{u_1, u_2}} {A : Type u_2} {T : «ROOT».Signature.{u_3, u_2}}   (x : «ROOT».Program.{u_2, u_1} S A),   @Eq.{(max (max u_3 u_1) u_2) + 1} («ROOT».Program.{u_2, max u_3 u_1} («ROOT».Signature.sum.{u_2, u_1, u_3} S T) A)     (@«ROOT».Program.inl.{u_1, u_2, u_3} S A T x)     (@«ROOT».Program.inl.match_1.{u_2, u_1, max (max (u_1 + 1) (u_2 + 1)) (u_3 + 1)} S A       (fun (x : «ROOT».Program.{u_2, u_1} S A) =>         «ROOT».Program.{u_2, max u_3 u_1} («ROOT».Signature.sum.{u_2, u_1, u_3} S T) A)       x       (fun (value : A) => @«ROOT».Program.pure.{u_2, max u_1 u_3} («ROOT».Signature.sum.{u_2, u_1, u_3} S T) A value)       fun (operation : «ROOT».Signature.Op.{u_1, u_2} S)         (next : «ROOT».Signature.Answer.{u_1, u_2} S operation → «ROOT».Program.{u_2, u_1} S A) =>       @«ROOT».Program.vis.{u_2, max u_1 u_3} («ROOT».Signature.sum.{u_2, u_1, u_3} S T) A         (@Sum.inl.{u_1, u_3} («ROOT».Signature.Op.{u_1, u_2} S) («ROOT».Signature.Op.{u_3, u_2} T) operation)         fun           (answer :             «ROOT».Signature.Answer.{max u_1 u_3, u_2} («ROOT».Signature.sum.{u_2, u_1, u_3} S T)               (@Sum.inl.{u_1, u_3} («ROOT».Signature.Op.{u_1, u_2} S) («ROOT».Signature.Op.{u_3, u_2} T)                 operation)) =>         @«ROOT».Program.inl.{u_1, u_2, u_3} S A T (next answer))		
«ROOT».Program.inl.match_1	«ROOT».Algebra.Program	def	u_1,u_2,u_3	{S : «ROOT».Signature.{u_2, u_1}} →   {A : Type u_1} →     (motive : «ROOT».Program.{u_1, u_2} S A → Sort u_3) →       (x : «ROOT».Program.{u_1, u_2} S A) →         (h_1 : (value : A) → motive (@«ROOT».Program.pure.{u_1, u_2} S A value)) →           (h_2 :               (operation : «ROOT».Signature.Op.{u_2, u_1} S) →                 (next : «ROOT».Signature.Answer.{u_2, u_1} S operation → «ROOT».Program.{u_1, u_2} S A) →                   motive (@«ROOT».Program.vis.{u_1, u_2} S A operation next)) →             motive x	fun {S : «ROOT».Signature.{u_2, u_1}} {A : Type u_1} (motive : «ROOT».Program.{u_1, u_2} S A → Sort u_3)     (x : «ROOT».Program.{u_1, u_2} S A) (h_1 : (value : A) → motive (@«ROOT».Program.pure.{u_1, u_2} S A value))     (h_2 :       (operation : «ROOT».Signature.Op.{u_2, u_1} S) →         (next : «ROOT».Signature.Answer.{u_2, u_1} S operation → «ROOT».Program.{u_1, u_2} S A) →           motive (@«ROOT».Program.vis.{u_1, u_2} S A operation next)) =>   @«ROOT».Program.casesOn.{u_3, u_1, u_2} S A (fun (x : «ROOT».Program.{u_1, u_2} S A) => motive x) x     (fun (value : A) => h_1 value)     fun (operation : «ROOT».Signature.Op.{u_2, u_1} S)       (next : «ROOT».Signature.Answer.{u_2, u_1} S operation → «ROOT».Program.{u_1, u_2} S A) =>     h_2 operation next	
«ROOT».Program.inl_all_models_iff	«ROOT».Algebra.Sum	theorem	uAns,uS,uT	∀ {S : «ROOT».Signature.{uS, uAns}} {T : «ROOT».Signature.{uT, uAns}}   (candidate :     {A : Type uAns} →       «ROOT».Program.{uAns, uS} S A → «ROOT».Program.{uAns, max uT uS} («ROOT».Signature.sum.{uAns, uS, uT} S T) A)   {A : Type uAns} (program : «ROOT».Program.{uAns, uS} S A),   Iff     (∀ (M : Type uAns → Type (max (max uS uT) uAns)) [inst : Monad.{uAns, max (max uAns uS) uT} M]       [@LawfulMonad.{uAns, max (max uAns uS) uT} M inst] (left : «ROOT».Handler.{uAns, uS, max (max uAns uS) uT} S M)       (right : «ROOT».Handler.{uAns, uT, max (max uAns uS) uT} T M),       @Eq.{max (max (uAns + 1) (uS + 1)) (uT + 1)} (M A)         (@«ROOT».interpret.{uAns, max (max uAns uS) uT, max uS uT} M («ROOT».Signature.sum.{uAns, uS, uT} S T) A inst           (@«ROOT».Handler.sum.{uS, uAns, max (max uAns uS) uT, uT} S M T left right) (@candidate A program))         (@«ROOT».interpret.{uAns, max (max uAns uS) uT, uS} M S A inst left program))     (@Eq.{max (max (uAns + 1) (uS + 1)) (uT + 1)}       («ROOT».Program.{uAns, max uT uS} («ROOT».Signature.sum.{uAns, uS, uT} S T) A) (@candidate A program)       (@«ROOT».Program.inl.{uS, uAns, uT} S A T program))		Quot.sound,propext
«ROOT».Program.inl_bind	«ROOT».Algebra.Sum	theorem	u_1,u_2,u_3	∀ {S : «ROOT».Signature.{u_1, u_2}} {A B : Type u_2} {T : «ROOT».Signature.{u_3, u_2}}   (program : «ROOT».Program.{u_2, u_1} S A) (next : A → «ROOT».Program.{u_2, u_1} S B),   @Eq.{max (max (u_1 + 1) (u_2 + 1)) (u_3 + 1)}     («ROOT».Program.{u_2, max u_3 u_1} («ROOT».Signature.sum.{u_2, u_1, u_3} S T) B)     (@«ROOT».Program.inl.{u_1, u_2, u_3} S B T (@«ROOT».Program.bind.{u_1, u_2} S A B program next))     (@«ROOT».Program.bind.{max u_1 u_3, u_2} («ROOT».Signature.sum.{u_2, u_1, u_3} S T) A B       (@«ROOT».Program.inl.{u_1, u_2, u_3} S A T program) fun (value : A) =>       @«ROOT».Program.inl.{u_1, u_2, u_3} S B T (next value))		Quot.sound
«ROOT».Program.inl_injective	«ROOT».Algebra.Sum	theorem	u_1,u_2,u_3	∀ {S : «ROOT».Signature.{u_1, u_2}} {A : Type u_2} {T : «ROOT».Signature.{u_3, u_2}},   @Function.Injective.{max (u_2 + 1) (u_1 + 1), max (max (u_3 + 1) (u_2 + 1)) (u_1 + 1)}     («ROOT».Program.{u_2, u_1} S A) («ROOT».Program.{u_2, max u_3 u_1} («ROOT».Signature.sum.{u_2, u_1, u_3} S T) A)     (@«ROOT».Program.inl.{u_1, u_2, u_3} S A T)		Quot.sound,propext
«ROOT».Program.inl_one_target_iff	«ROOT».Algebra.Sum	theorem	uAns,uS,uT	∀ {S : «ROOT».Signature.{uS, uAns}} {T : «ROOT».Signature.{uT, uAns}}   (candidate :     {A : Type uAns} →       «ROOT».Program.{uAns, uS} S A → «ROOT».Program.{uAns, max uT uS} («ROOT».Signature.sum.{uAns, uS, uT} S T) A)   {A : Type uAns} (program : «ROOT».Program.{uAns, uS} S A),   Iff     (@Eq.{max (max (uAns + 1) (uS + 1)) (uT + 1)}       («ROOT».Program.{uAns, max uT uS} («ROOT».Signature.sum.{uAns, uS, uT} S T) A)       (@«ROOT».interpret.{uAns, max (max uT uAns) uS, max uT uS}         («ROOT».Program.{uAns, max uT uS} («ROOT».Signature.sum.{uAns, uS, uT} S T))         («ROOT».Signature.sum.{uAns, uS, uT} S T) A         (@«ROOT».Program.instMonad.{max uS uT, uAns} («ROOT».Signature.sum.{uAns, uS, uT} S T))         (@«ROOT».Handler.sum.{uS, uAns, max (max uT uAns) uS, uT} S           («ROOT».Program.{uAns, max uT uS} («ROOT».Signature.sum.{uAns, uS, uT} S T)) T           (@«ROOT».leftInjectionHandler.{uS, uAns, uT} S T) (@«ROOT».rightInjectionHandler.{uT, uAns, uS} T S))         (@candidate A program))       (@«ROOT».interpret.{uAns, max (max uT uAns) uS, uS}         («ROOT».Program.{uAns, max uT uS} («ROOT».Signature.sum.{uAns, uS, uT} S T)) S A         (@«ROOT».Program.instMonad.{max uS uT, uAns} («ROOT».Signature.sum.{uAns, uS, uT} S T))         (@«ROOT».leftInjectionHandler.{uS, uAns, uT} S T) program))     (@Eq.{max (max (uAns + 1) (uS + 1)) (uT + 1)}       («ROOT».Program.{uAns, max uT uS} («ROOT».Signature.sum.{uAns, uS, uT} S T) A) (@candidate A program)       (@«ROOT».Program.inl.{uS, uAns, uT} S A T program))		Quot.sound,propext
«ROOT».Program.inl_pure	«ROOT».Algebra.Sum	theorem	u_1,u_2,u_3	∀ {A : Type u_1} {T : «ROOT».Signature.{u_2, u_1}} {S : «ROOT».Signature.{u_3, u_1}} (value : A),   @Eq.{max (max (u_2 + 1) (u_3 + 1)) (u_1 + 1)}     («ROOT».Program.{u_1, max u_2 u_3} («ROOT».Signature.sum.{u_1, u_3, u_2} S T) A)     (@«ROOT».Program.inl.{u_3, u_1, u_2} S A T (@«ROOT».Program.pure.{u_1, u_3} S A value))     (@«ROOT».Program.pure.{u_1, max u_2 u_3} («ROOT».Signature.sum.{u_1, u_3, u_2} S T) A value)		
«ROOT».Program.inl_unique	«ROOT».Algebra.Sum	theorem	uAns,u_1,u_2	∀ {S : «ROOT».Signature.{u_1, uAns}} {T : «ROOT».Signature.{u_2, uAns}} {A : Type uAns}   (candidate :     {A : Type uAns} →       «ROOT».Program.{uAns, u_1} S A →         «ROOT».Program.{uAns, max u_2 u_1} («ROOT».Signature.sum.{uAns, u_1, u_2} S T) A)   (square :     ∀ {A : Type uAns} (program : «ROOT».Program.{uAns, u_1} S A),       @Eq.{max (max (uAns + 1) (u_1 + 1)) (u_2 + 1)}         («ROOT».Program.{uAns, max u_2 u_1} («ROOT».Signature.sum.{uAns, u_1, u_2} S T) A)         (@«ROOT».interpret.{uAns, max (max u_2 uAns) u_1, max u_2 u_1}           («ROOT».Program.{uAns, max u_2 u_1} («ROOT».Signature.sum.{uAns, u_1, u_2} S T))           («ROOT».Signature.sum.{uAns, u_1, u_2} S T) A           (@«ROOT».Program.instMonad.{max u_1 u_2, uAns} («ROOT».Signature.sum.{uAns, u_1, u_2} S T))           (@«ROOT».Handler.sum.{u_1, uAns, max (max u_2 uAns) u_1, u_2} S             («ROOT».Program.{uAns, max u_2 u_1} («ROOT».Signature.sum.{uAns, u_1, u_2} S T)) T             (@«ROOT».leftInjectionHandler.{u_1, uAns, u_2} S T) (@«ROOT».rightInjectionHandler.{u_2, uAns, u_1} T S))           (@candidate A program))         (@«ROOT».interpret.{uAns, max (max u_2 uAns) u_1, u_1}           («ROOT».Program.{uAns, max u_2 u_1} («ROOT».Signature.sum.{uAns, u_1, u_2} S T)) S A           (@«ROOT».Program.instMonad.{max u_1 u_2, uAns} («ROOT».Signature.sum.{uAns, u_1, u_2} S T))           (@«ROOT».leftInjectionHandler.{u_1, uAns, u_2} S T) program))   (program : «ROOT».Program.{uAns, u_1} S A),   @Eq.{max (max (uAns + 1) (u_1 + 1)) (u_2 + 1)}     («ROOT».Program.{uAns, max u_2 u_1} («ROOT».Signature.sum.{uAns, u_1, u_2} S T) A) (@candidate A program)     (@«ROOT».Program.inl.{u_1, uAns, u_2} S A T program)		Quot.sound,propext
«ROOT».Program.inl_unique_all_models	«ROOT».Algebra.Sum	theorem	uAns,uS,uT	∀ {S : «ROOT».Signature.{uS, uAns}} {T : «ROOT».Signature.{uT, uAns}}   (candidate :     {A : Type uAns} →       «ROOT».Program.{uAns, uS} S A → «ROOT».Program.{uAns, max uT uS} («ROOT».Signature.sum.{uAns, uS, uT} S T) A)   (square :     ∀ (M : Type uAns → Type (max (max uS uT) uAns)) [inst : Monad.{uAns, max (max uAns uS) uT} M]       [@LawfulMonad.{uAns, max (max uAns uS) uT} M inst] (left : «ROOT».Handler.{uAns, uS, max (max uAns uS) uT} S M)       (right : «ROOT».Handler.{uAns, uT, max (max uAns uS) uT} T M) {A : Type uAns}       (program : «ROOT».Program.{uAns, uS} S A),       @Eq.{max (max (uAns + 1) (uS + 1)) (uT + 1)} (M A)         (@«ROOT».interpret.{uAns, max (max uAns uS) uT, max uS uT} M («ROOT».Signature.sum.{uAns, uS, uT} S T) A inst           (@«ROOT».Handler.sum.{uS, uAns, max (max uAns uS) uT, uT} S M T left right) (@candidate A program))         (@«ROOT».interpret.{uAns, max (max uAns uS) uT, uS} M S A inst left program))   {A : Type uAns} (program : «ROOT».Program.{uAns, uS} S A),   @Eq.{max (max (uAns + 1) (uS + 1)) (uT + 1)}     («ROOT».Program.{uAns, max uT uS} («ROOT».Signature.sum.{uAns, uS, uT} S T) A) (@candidate A program)     (@«ROOT».Program.inl.{uS, uAns, uT} S A T program)		Quot.sound,propext
«ROOT».Program.inl_unique_one_target	«ROOT».Algebra.Sum	theorem	uAns,uS,uT	∀ {S : «ROOT».Signature.{uS, uAns}} {T : «ROOT».Signature.{uT, uAns}}   (candidate :     {A : Type uAns} →       «ROOT».Program.{uAns, uS} S A → «ROOT».Program.{uAns, max uT uS} («ROOT».Signature.sum.{uAns, uS, uT} S T) A)   (square :     ∀ {A : Type uAns} (program : «ROOT».Program.{uAns, uS} S A),       @Eq.{max (max (uAns + 1) (uS + 1)) (uT + 1)}         («ROOT».Program.{uAns, max uT uS} («ROOT».Signature.sum.{uAns, uS, uT} S T) A)         (@«ROOT».interpret.{uAns, max (max uT uAns) uS, max uT uS}           («ROOT».Program.{uAns, max uT uS} («ROOT».Signature.sum.{uAns, uS, uT} S T))           («ROOT».Signature.sum.{uAns, uS, uT} S T) A           (@«ROOT».Program.instMonad.{max uS uT, uAns} («ROOT».Signature.sum.{uAns, uS, uT} S T))           (@«ROOT».Handler.sum.{uS, uAns, max (max uT uAns) uS, uT} S             («ROOT».Program.{uAns, max uT uS} («ROOT».Signature.sum.{uAns, uS, uT} S T)) T             (@«ROOT».leftInjectionHandler.{uS, uAns, uT} S T) (@«ROOT».rightInjectionHandler.{uT, uAns, uS} T S))           (@candidate A program))         (@«ROOT».interpret.{uAns, max (max uT uAns) uS, uS}           («ROOT».Program.{uAns, max uT uS} («ROOT».Signature.sum.{uAns, uS, uT} S T)) S A           (@«ROOT».Program.instMonad.{max uS uT, uAns} («ROOT».Signature.sum.{uAns, uS, uT} S T))           (@«ROOT».leftInjectionHandler.{uS, uAns, uT} S T) program))   {A : Type uAns} (program : «ROOT».Program.{uAns, uS} S A),   @Eq.{max (max (uAns + 1) (uS + 1)) (uT + 1)}     («ROOT».Program.{uAns, max uT uS} («ROOT».Signature.sum.{uAns, uS, uT} S T) A) (@candidate A program)     (@«ROOT».Program.inl.{uS, uAns, uT} S A T program)		Quot.sound,propext
«ROOT».Program.inr	«ROOT».Algebra.Program	def	u_1,u_2,u_3	{T : «ROOT».Signature.{u_1, u_2}} →   {A : Type u_2} →     {S : «ROOT».Signature.{u_3, u_2}} →       «ROOT».Program.{u_2, u_1} T A → «ROOT».Program.{u_2, max u_1 u_3} («ROOT».Signature.sum.{u_2, u_3, u_1} S T) A	fun {T : «ROOT».Signature.{u_1, u_2}} {A : Type u_2} {S : «ROOT».Signature.{u_3, u_2}}     (x : «ROOT».Program.{u_2, u_1} T A) =>   @«ROOT».Program.brecOn.{(max (max u_1 u_3) u_2) + 1, u_2, u_1} T A     (fun (x : «ROOT».Program.{u_2, u_1} T A) =>       «ROOT».Program.{u_2, max u_1 u_3} («ROOT».Signature.sum.{u_2, u_3, u_1} S T) A)     x (@«ROOT».Program.inr._f.{u_1, u_2, u_3} T A S)	
«ROOT».Program.inr._f	«ROOT».Algebra.Program	def	u_1,u_2,u_3	{T : «ROOT».Signature.{u_1, u_2}} →   {A : Type u_2} →     {S : «ROOT».Signature.{u_3, u_2}} →       (x : «ROOT».Program.{u_2, u_1} T A) →         (f :             @«ROOT».Program.below.{(max (max u_1 u_3) u_2) + 1, u_2, u_1} T A               (fun (x : «ROOT».Program.{u_2, u_1} T A) =>                 «ROOT».Program.{u_2, max u_1 u_3} («ROOT».Signature.sum.{u_2, u_3, u_1} S T) A)               x) →           «ROOT».Program.{u_2, max u_1 u_3} («ROOT».Signature.sum.{u_2, u_3, u_1} S T) A	fun {T : «ROOT».Signature.{u_1, u_2}} {A : Type u_2} {S : «ROOT».Signature.{u_3, u_2}}     (x : «ROOT».Program.{u_2, u_1} T A)     (f :       @«ROOT».Program.below.{(max (max u_1 u_3) u_2) + 1, u_2, u_1} T A         (fun (x : «ROOT».Program.{u_2, u_1} T A) =>           «ROOT».Program.{u_2, max u_1 u_3} («ROOT».Signature.sum.{u_2, u_3, u_1} S T) A)         x) =>   @«ROOT».Program.inl.match_1.{u_2, u_1, max (max (u_1 + 1) (u_2 + 1)) (u_3 + 1)} T A     (fun (x : «ROOT».Program.{u_2, u_1} T A) =>       @«ROOT».Program.below.{(max (max u_1 u_3) u_2) + 1, u_2, u_1} T A           (fun (x : «ROOT».Program.{u_2, u_1} T A) =>             «ROOT».Program.{u_2, max u_1 u_3} («ROOT».Signature.sum.{u_2, u_3, u_1} S T) A)           x →         «ROOT».Program.{u_2, max u_1 u_3} («ROOT».Signature.sum.{u_2, u_3, u_1} S T) A)     x     (fun (value : A)         (x :           @«ROOT».Program.below.{(max (max u_1 u_3) u_2) + 1, u_2, u_1} T A             (fun (x : «ROOT».Program.{u_2, u_1} T A) =>               «ROOT».Program.{u_2, max u_1 u_3} («ROOT».Signature.sum.{u_2, u_3, u_1} S T) A)             (@«ROOT».Program.pure.{u_2, u_1} T A value)) =>       @«ROOT».Program.pure.{u_2, max u_1 u_3} («ROOT».Signature.sum.{u_2, u_3, u_1} S T) A value)     (fun (operation : «ROOT».Signature.Op.{u_1, u_2} T)         (next : «ROOT».Signature.Answer.{u_1, u_2} T operation → «ROOT».Program.{u_2, u_1} T A)         (x :           @«ROOT».Program.below.{(max (max u_1 u_3) u_2) + 1, u_2, u_1} T A             (fun (x : «ROOT».Program.{u_2, u_1} T A) =>               «ROOT».Program.{u_2, max u_1 u_3} («ROOT».Signature.sum.{u_2, u_3, u_1} S T) A)             (@«ROOT».Program.vis.{u_2, u_1} T A operation next)) =>       @«ROOT».Program.vis.{u_2, max u_1 u_3} («ROOT».Signature.sum.{u_2, u_3, u_1} S T) A         (@Sum.inr.{u_3, u_1} («ROOT».Signature.Op.{u_3, u_2} S) («ROOT».Signature.Op.{u_1, u_2} T) operation)         fun           (answer :             «ROOT».Signature.Answer.{max u_1 u_3, u_2} («ROOT».Signature.sum.{u_2, u_3, u_1} S T)               (@Sum.inr.{u_3, u_1} («ROOT».Signature.Op.{u_3, u_2} S) («ROOT».Signature.Op.{u_1, u_2} T)                 operation)) =>         (x answer).1)     f	
«ROOT».Program.inr._sunfold	«ROOT».Algebra.Program	def	u_1,u_2,u_3	{T : «ROOT».Signature.{u_1, u_2}} →   {A : Type u_2} →     {S : «ROOT».Signature.{u_3, u_2}} →       «ROOT».Program.{u_2, u_1} T A → «ROOT».Program.{u_2, max u_1 u_3} («ROOT».Signature.sum.{u_2, u_3, u_1} S T) A	fun {T : «ROOT».Signature.{u_1, u_2}} {A : Type u_2} {S : «ROOT».Signature.{u_3, u_2}}     (x : «ROOT».Program.{u_2, u_1} T A) =>   @«ROOT».Program.inl.match_1.{u_2, u_1, max (max (u_1 + 1) (u_2 + 1)) (u_3 + 1)} T A     (fun (x : «ROOT».Program.{u_2, u_1} T A) =>       «ROOT».Program.{u_2, max u_1 u_3} («ROOT».Signature.sum.{u_2, u_3, u_1} S T) A)     x (fun (value : A) => @«ROOT».Program.pure.{u_2, max u_1 u_3} («ROOT».Signature.sum.{u_2, u_3, u_1} S T) A value)     fun (operation : «ROOT».Signature.Op.{u_1, u_2} T)       (next : «ROOT».Signature.Answer.{u_1, u_2} T operation → «ROOT».Program.{u_2, u_1} T A) =>     @«ROOT».Program.vis.{u_2, max u_1 u_3} («ROOT».Signature.sum.{u_2, u_3, u_1} S T) A       (@Sum.inr.{u_3, u_1} («ROOT».Signature.Op.{u_3, u_2} S) («ROOT».Signature.Op.{u_1, u_2} T) operation)       fun         (answer :           «ROOT».Signature.Answer.{max u_1 u_3, u_2} («ROOT».Signature.sum.{u_2, u_3, u_1} S T)             (@Sum.inr.{u_3, u_1} («ROOT».Signature.Op.{u_3, u_2} S) («ROOT».Signature.Op.{u_1, u_2} T) operation)) =>       @«ROOT».Program.inr.{u_1, u_2, u_3} T A S (next answer)	
«ROOT».Program.inr._unsafe_rec	«ROOT».Algebra.Program	def	u_1,u_2,u_3	{T : «ROOT».Signature.{u_1, u_2}} →   {A : Type u_2} →     {S : «ROOT».Signature.{u_3, u_2}} →       «ROOT».Program.{u_2, u_1} T A → «ROOT».Program.{u_2, max u_1 u_3} («ROOT».Signature.sum.{u_2, u_3, u_1} S T) A	fun {T : «ROOT».Signature.{u_1, u_2}} {A : Type u_2} {S : «ROOT».Signature.{u_3, u_2}}     (x : «ROOT».Program.{u_2, u_1} T A) =>   @«ROOT».Program.inl.match_1.{u_2, u_1, max (max (u_1 + 1) (u_2 + 1)) (u_3 + 1)} T A     (fun (x : «ROOT».Program.{u_2, u_1} T A) =>       «ROOT».Program.{u_2, max u_1 u_3} («ROOT».Signature.sum.{u_2, u_3, u_1} S T) A)     x (fun (value : A) => @«ROOT».Program.pure.{u_2, max u_1 u_3} («ROOT».Signature.sum.{u_2, u_3, u_1} S T) A value)     fun (operation : «ROOT».Signature.Op.{u_1, u_2} T)       (next : «ROOT».Signature.Answer.{u_1, u_2} T operation → «ROOT».Program.{u_2, u_1} T A) =>     @«ROOT».Program.vis.{u_2, max u_1 u_3} («ROOT».Signature.sum.{u_2, u_3, u_1} S T) A       (@Sum.inr.{u_3, u_1} («ROOT».Signature.Op.{u_3, u_2} S) («ROOT».Signature.Op.{u_1, u_2} T) operation)       fun         (answer :           «ROOT».Signature.Answer.{max u_1 u_3, u_2} («ROOT».Signature.sum.{u_2, u_3, u_1} S T)             (@Sum.inr.{u_3, u_1} («ROOT».Signature.Op.{u_3, u_2} S) («ROOT».Signature.Op.{u_1, u_2} T) operation)) =>       @«ROOT».Program.inr._unsafe_rec.{u_1, u_2, u_3} T A S (next answer)	
«ROOT».Program.inr.eq_1	«ROOT».Algebra.Sum	theorem	u_1,u_2,u_3	∀ {T : «ROOT».Signature.{u_1, u_2}} {A : Type u_2} {S : «ROOT».Signature.{u_3, u_2}} (value : A),   @Eq.{(max (max u_1 u_3) u_2) + 1} («ROOT».Program.{u_2, max u_1 u_3} («ROOT».Signature.sum.{u_2, u_3, u_1} S T) A)     (@«ROOT».Program.inr.{u_1, u_2, u_3} T A S (@«ROOT».Program.pure.{u_2, u_1} T A value))     (@«ROOT».Program.pure.{u_2, max u_1 u_3} («ROOT».Signature.sum.{u_2, u_3, u_1} S T) A value)		
«ROOT».Program.inr.eq_2	«ROOT».Algebra.Sum	theorem	u_1,u_2,u_3	∀ {T : «ROOT».Signature.{u_1, u_2}} {A : Type u_2} {S : «ROOT».Signature.{u_3, u_2}}   (operation : «ROOT».Signature.Op.{u_1, u_2} T)   (next : «ROOT».Signature.Answer.{u_1, u_2} T operation → «ROOT».Program.{u_2, u_1} T A),   @Eq.{(max (max u_1 u_3) u_2) + 1} («ROOT».Program.{u_2, max u_1 u_3} («ROOT».Signature.sum.{u_2, u_3, u_1} S T) A)     (@«ROOT».Program.inr.{u_1, u_2, u_3} T A S (@«ROOT».Program.vis.{u_2, u_1} T A operation next))     (@«ROOT».Program.vis.{u_2, max u_1 u_3} («ROOT».Signature.sum.{u_2, u_3, u_1} S T) A       (@Sum.inr.{u_3, u_1} («ROOT».Signature.Op.{u_3, u_2} S) («ROOT».Signature.Op.{u_1, u_2} T) operation)       fun         (answer :           «ROOT».Signature.Answer.{max u_1 u_3, u_2} («ROOT».Signature.sum.{u_2, u_3, u_1} S T)             (@Sum.inr.{u_3, u_1} («ROOT».Signature.Op.{u_3, u_2} S) («ROOT».Signature.Op.{u_1, u_2} T) operation)) =>       @«ROOT».Program.inr.{u_1, u_2, u_3} T A S (next answer))		
«ROOT».Program.inr.eq_def	«ROOT».Algebra.Sum	theorem	u_1,u_2,u_3	∀ {T : «ROOT».Signature.{u_1, u_2}} {A : Type u_2} {S : «ROOT».Signature.{u_3, u_2}}   (x : «ROOT».Program.{u_2, u_1} T A),   @Eq.{(max (max u_1 u_3) u_2) + 1} («ROOT».Program.{u_2, max u_1 u_3} («ROOT».Signature.sum.{u_2, u_3, u_1} S T) A)     (@«ROOT».Program.inr.{u_1, u_2, u_3} T A S x)     (@«ROOT».Program.inl.match_1.{u_2, u_1, max (max (u_1 + 1) (u_2 + 1)) (u_3 + 1)} T A       (fun (x : «ROOT».Program.{u_2, u_1} T A) =>         «ROOT».Program.{u_2, max u_1 u_3} («ROOT».Signature.sum.{u_2, u_3, u_1} S T) A)       x       (fun (value : A) => @«ROOT».Program.pure.{u_2, max u_1 u_3} («ROOT».Signature.sum.{u_2, u_3, u_1} S T) A value)       fun (operation : «ROOT».Signature.Op.{u_1, u_2} T)         (next : «ROOT».Signature.Answer.{u_1, u_2} T operation → «ROOT».Program.{u_2, u_1} T A) =>       @«ROOT».Program.vis.{u_2, max u_1 u_3} («ROOT».Signature.sum.{u_2, u_3, u_1} S T) A         (@Sum.inr.{u_3, u_1} («ROOT».Signature.Op.{u_3, u_2} S) («ROOT».Signature.Op.{u_1, u_2} T) operation)         fun           (answer :             «ROOT».Signature.Answer.{max u_1 u_3, u_2} («ROOT».Signature.sum.{u_2, u_3, u_1} S T)               (@Sum.inr.{u_3, u_1} («ROOT».Signature.Op.{u_3, u_2} S) («ROOT».Signature.Op.{u_1, u_2} T)                 operation)) =>         @«ROOT».Program.inr.{u_1, u_2, u_3} T A S (next answer))		
«ROOT».Program.inr_all_models_iff	«ROOT».Algebra.Sum	theorem	uAns,uS,uT	∀ {S : «ROOT».Signature.{uS, uAns}} {T : «ROOT».Signature.{uT, uAns}}   (candidate :     {A : Type uAns} →       «ROOT».Program.{uAns, uT} T A → «ROOT».Program.{uAns, max uT uS} («ROOT».Signature.sum.{uAns, uS, uT} S T) A)   {A : Type uAns} (program : «ROOT».Program.{uAns, uT} T A),   Iff     (∀ (M : Type uAns → Type (max (max uS uT) uAns)) [inst : Monad.{uAns, max (max uAns uS) uT} M]       [@LawfulMonad.{uAns, max (max uAns uS) uT} M inst] (left : «ROOT».Handler.{uAns, uS, max (max uAns uS) uT} S M)       (right : «ROOT».Handler.{uAns, uT, max (max uAns uS) uT} T M),       @Eq.{max (max (uAns + 1) (uS + 1)) (uT + 1)} (M A)         (@«ROOT».interpret.{uAns, max (max uAns uS) uT, max uS uT} M («ROOT».Signature.sum.{uAns, uS, uT} S T) A inst           (@«ROOT».Handler.sum.{uS, uAns, max (max uAns uS) uT, uT} S M T left right) (@candidate A program))         (@«ROOT».interpret.{uAns, max (max uAns uS) uT, uT} M T A inst right program))     (@Eq.{max (max (uAns + 1) (uS + 1)) (uT + 1)}       («ROOT».Program.{uAns, max uT uS} («ROOT».Signature.sum.{uAns, uS, uT} S T) A) (@candidate A program)       (@«ROOT».Program.inr.{uT, uAns, uS} T A S program))		Quot.sound,propext
«ROOT».Program.inr_bind	«ROOT».Algebra.Sum	theorem	u_1,u_2,u_3	∀ {T : «ROOT».Signature.{u_1, u_2}} {A B : Type u_2} {S : «ROOT».Signature.{u_3, u_2}}   (program : «ROOT».Program.{u_2, u_1} T A) (next : A → «ROOT».Program.{u_2, u_1} T B),   @Eq.{max (max (u_1 + 1) (u_2 + 1)) (u_3 + 1)}     («ROOT».Program.{u_2, max u_1 u_3} («ROOT».Signature.sum.{u_2, u_3, u_1} S T) B)     (@«ROOT».Program.inr.{u_1, u_2, u_3} T B S (@«ROOT».Program.bind.{u_1, u_2} T A B program next))     (@«ROOT».Program.bind.{max u_1 u_3, u_2} («ROOT».Signature.sum.{u_2, u_3, u_1} S T) A B       (@«ROOT».Program.inr.{u_1, u_2, u_3} T A S program) fun (value : A) =>       @«ROOT».Program.inr.{u_1, u_2, u_3} T B S (next value))		Quot.sound
«ROOT».Program.inr_injective	«ROOT».Algebra.Sum	theorem	u_1,u_2,u_3	∀ {T : «ROOT».Signature.{u_1, u_2}} {A : Type u_2} {S : «ROOT».Signature.{u_3, u_2}},   @Function.Injective.{max (u_2 + 1) (u_1 + 1), max (max (u_3 + 1) (u_2 + 1)) (u_1 + 1)}     («ROOT».Program.{u_2, u_1} T A) («ROOT».Program.{u_2, max u_1 u_3} («ROOT».Signature.sum.{u_2, u_3, u_1} S T) A)     (@«ROOT».Program.inr.{u_1, u_2, u_3} T A S)		Quot.sound,propext
«ROOT».Program.inr_one_target_iff	«ROOT».Algebra.Sum	theorem	uAns,uS,uT	∀ {S : «ROOT».Signature.{uS, uAns}} {T : «ROOT».Signature.{uT, uAns}}   (candidate :     {A : Type uAns} →       «ROOT».Program.{uAns, uT} T A → «ROOT».Program.{uAns, max uT uS} («ROOT».Signature.sum.{uAns, uS, uT} S T) A)   {A : Type uAns} (program : «ROOT».Program.{uAns, uT} T A),   Iff     (@Eq.{max (max (uAns + 1) (uS + 1)) (uT + 1)}       («ROOT».Program.{uAns, max uT uS} («ROOT».Signature.sum.{uAns, uS, uT} S T) A)       (@«ROOT».interpret.{uAns, max (max uT uAns) uS, max uT uS}         («ROOT».Program.{uAns, max uT uS} («ROOT».Signature.sum.{uAns, uS, uT} S T))         («ROOT».Signature.sum.{uAns, uS, uT} S T) A         (@«ROOT».Program.instMonad.{max uS uT, uAns} («ROOT».Signature.sum.{uAns, uS, uT} S T))         (@«ROOT».Handler.sum.{uS, uAns, max (max uT uAns) uS, uT} S           («ROOT».Program.{uAns, max uT uS} («ROOT».Signature.sum.{uAns, uS, uT} S T)) T           (@«ROOT».leftInjectionHandler.{uS, uAns, uT} S T) (@«ROOT».rightInjectionHandler.{uT, uAns, uS} T S))         (@candidate A program))       (@«ROOT».interpret.{uAns, max (max uS uAns) uT, uT}         («ROOT».Program.{uAns, max uT uS} («ROOT».Signature.sum.{uAns, uS, uT} S T)) T A         (@«ROOT».Program.instMonad.{max uT uS, uAns} («ROOT».Signature.sum.{uAns, uS, uT} S T))         (@«ROOT».rightInjectionHandler.{uT, uAns, uS} T S) program))     (@Eq.{max (max (uAns + 1) (uS + 1)) (uT + 1)}       («ROOT».Program.{uAns, max uT uS} («ROOT».Signature.sum.{uAns, uS, uT} S T) A) (@candidate A program)       (@«ROOT».Program.inr.{uT, uAns, uS} T A S program))		Quot.sound,propext
«ROOT».Program.inr_pure	«ROOT».Algebra.Sum	theorem	u_1,u_2,u_3	∀ {A : Type u_1} {S : «ROOT».Signature.{u_2, u_1}} {T : «ROOT».Signature.{u_3, u_1}} (value : A),   @Eq.{max (max (u_2 + 1) (u_3 + 1)) (u_1 + 1)}     («ROOT».Program.{u_1, max u_3 u_2} («ROOT».Signature.sum.{u_1, u_2, u_3} S T) A)     (@«ROOT».Program.inr.{u_3, u_1, u_2} T A S (@«ROOT».Program.pure.{u_1, u_3} T A value))     (@«ROOT».Program.pure.{u_1, max u_2 u_3} («ROOT».Signature.sum.{u_1, u_2, u_3} S T) A value)		
«ROOT».Program.inr_unique	«ROOT».Algebra.Sum	theorem	uAns,u_1,u_2	∀ {T : «ROOT».Signature.{u_1, uAns}} {S : «ROOT».Signature.{u_2, uAns}} {A : Type uAns}   (candidate :     {A : Type uAns} →       «ROOT».Program.{uAns, u_1} T A →         «ROOT».Program.{uAns, max u_1 u_2} («ROOT».Signature.sum.{uAns, u_2, u_1} S T) A)   (square :     ∀ {A : Type uAns} (program : «ROOT».Program.{uAns, u_1} T A),       @Eq.{max (max (uAns + 1) (u_1 + 1)) (u_2 + 1)}         («ROOT».Program.{uAns, max u_1 u_2} («ROOT».Signature.sum.{uAns, u_2, u_1} S T) A)         (@«ROOT».interpret.{uAns, max (max u_1 uAns) u_2, max u_1 u_2}           («ROOT».Program.{uAns, max u_1 u_2} («ROOT».Signature.sum.{uAns, u_2, u_1} S T))           («ROOT».Signature.sum.{uAns, u_2, u_1} S T) A           (@«ROOT».Program.instMonad.{max u_1 u_2, uAns} («ROOT».Signature.sum.{uAns, u_2, u_1} S T))           (@«ROOT».Handler.sum.{u_2, uAns, max (max u_1 uAns) u_2, u_1} S             («ROOT».Program.{uAns, max u_1 u_2} («ROOT».Signature.sum.{uAns, u_2, u_1} S T)) T             (@«ROOT».leftInjectionHandler.{u_2, uAns, u_1} S T) (@«ROOT».rightInjectionHandler.{u_1, uAns, u_2} T S))           (@candidate A program))         (@«ROOT».interpret.{uAns, max (max u_2 uAns) u_1, u_1}           («ROOT».Program.{uAns, max u_1 u_2} («ROOT».Signature.sum.{uAns, u_2, u_1} S T)) T A           (@«ROOT».Program.instMonad.{max u_1 u_2, uAns} («ROOT».Signature.sum.{uAns, u_2, u_1} S T))           (@«ROOT».rightInjectionHandler.{u_1, uAns, u_2} T S) program))   (program : «ROOT».Program.{uAns, u_1} T A),   @Eq.{max (max (uAns + 1) (u_1 + 1)) (u_2 + 1)}     («ROOT».Program.{uAns, max u_1 u_2} («ROOT».Signature.sum.{uAns, u_2, u_1} S T) A) (@candidate A program)     (@«ROOT».Program.inr.{u_1, uAns, u_2} T A S program)		Quot.sound,propext
«ROOT».Program.inr_unique_all_models	«ROOT».Algebra.Sum	theorem	uAns,uS,uT	∀ {S : «ROOT».Signature.{uS, uAns}} {T : «ROOT».Signature.{uT, uAns}}   (candidate :     {A : Type uAns} →       «ROOT».Program.{uAns, uT} T A → «ROOT».Program.{uAns, max uT uS} («ROOT».Signature.sum.{uAns, uS, uT} S T) A)   (square :     ∀ (M : Type uAns → Type (max (max uS uT) uAns)) [inst : Monad.{uAns, max (max uAns uS) uT} M]       [@LawfulMonad.{uAns, max (max uAns uS) uT} M inst] (left : «ROOT».Handler.{uAns, uS, max (max uAns uS) uT} S M)       (right : «ROOT».Handler.{uAns, uT, max (max uAns uS) uT} T M) {A : Type uAns}       (program : «ROOT».Program.{uAns, uT} T A),       @Eq.{max (max (uAns + 1) (uS + 1)) (uT + 1)} (M A)         (@«ROOT».interpret.{uAns, max (max uAns uS) uT, max uS uT} M («ROOT».Signature.sum.{uAns, uS, uT} S T) A inst           (@«ROOT».Handler.sum.{uS, uAns, max (max uAns uS) uT, uT} S M T left right) (@candidate A program))         (@«ROOT».interpret.{uAns, max (max uAns uS) uT, uT} M T A inst right program))   {A : Type uAns} (program : «ROOT».Program.{uAns, uT} T A),   @Eq.{max (max (uAns + 1) (uS + 1)) (uT + 1)}     («ROOT».Program.{uAns, max uT uS} («ROOT».Signature.sum.{uAns, uS, uT} S T) A) (@candidate A program)     (@«ROOT».Program.inr.{uT, uAns, uS} T A S program)		Quot.sound,propext
«ROOT».Program.inr_unique_one_target	«ROOT».Algebra.Sum	theorem	uAns,uS,uT	∀ {S : «ROOT».Signature.{uS, uAns}} {T : «ROOT».Signature.{uT, uAns}}   (candidate :     {A : Type uAns} →       «ROOT».Program.{uAns, uT} T A → «ROOT».Program.{uAns, max uT uS} («ROOT».Signature.sum.{uAns, uS, uT} S T) A)   (square :     ∀ {A : Type uAns} (program : «ROOT».Program.{uAns, uT} T A),       @Eq.{max (max (uAns + 1) (uS + 1)) (uT + 1)}         («ROOT».Program.{uAns, max uT uS} («ROOT».Signature.sum.{uAns, uS, uT} S T) A)         (@«ROOT».interpret.{uAns, max (max uT uAns) uS, max uT uS}           («ROOT».Program.{uAns, max uT uS} («ROOT».Signature.sum.{uAns, uS, uT} S T))           («ROOT».Signature.sum.{uAns, uS, uT} S T) A           (@«ROOT».Program.instMonad.{max uS uT, uAns} («ROOT».Signature.sum.{uAns, uS, uT} S T))           (@«ROOT».Handler.sum.{uS, uAns, max (max uT uAns) uS, uT} S             («ROOT».Program.{uAns, max uT uS} («ROOT».Signature.sum.{uAns, uS, uT} S T)) T             (@«ROOT».leftInjectionHandler.{uS, uAns, uT} S T) (@«ROOT».rightInjectionHandler.{uT, uAns, uS} T S))           (@candidate A program))         (@«ROOT».interpret.{uAns, max (max uS uAns) uT, uT}           («ROOT».Program.{uAns, max uT uS} («ROOT».Signature.sum.{uAns, uS, uT} S T)) T A           (@«ROOT».Program.instMonad.{max uT uS, uAns} («ROOT».Signature.sum.{uAns, uS, uT} S T))           (@«ROOT».rightInjectionHandler.{uT, uAns, uS} T S) program))   {A : Type uAns} (program : «ROOT».Program.{uAns, uT} T A),   @Eq.{max (max (uAns + 1) (uS + 1)) (uT + 1)}     («ROOT».Program.{uAns, max uT uS} («ROOT».Signature.sum.{uAns, uS, uT} S T) A) (@candidate A program)     (@«ROOT».Program.inr.{uT, uAns, uS} T A S program)		Quot.sound,propext
«ROOT».Program.instMonad	«ROOT».Algebra.Program	def	u_1,u_2	{S : «ROOT».Signature.{u_1, u_2}} → Monad.{u_2, max u_1 u_2} («ROOT».Program.{u_2, u_1} S)	fun {S : «ROOT».Signature.{u_1, u_2}} =>   @Monad.mk.{u_2, max u_1 u_2} («ROOT».Program.{u_2, u_1} S)     (@Applicative.mk.{u_2, max u_1 u_2} («ROOT».Program.{u_2, u_1} S)       (@Functor.mk.{u_2, max u_1 u_2} («ROOT».Program.{u_2, u_1} S)         (fun {α β : Type u_2} (f : α → β) (x : «ROOT».Program.{u_2, u_1} S α) =>           (@fun {α β : Type u_2} => @«ROOT».Program.bind.{u_1, u_2} S α β) α β x             (@Function.comp.{u_2 + 1, u_2 + 1, (max u_1 u_2) + 1} α β («ROOT».Program.{u_2, u_1} S β)               ((@fun {α : Type u_2} => @«ROOT».Program.pure.{u_2, u_1} S α) β) f))         fun {α β : Type u_2} =>         @Function.comp.{u_2 + 1, u_2 + 1, (max u_1 u_2) + 1} α (β → α)           («ROOT».Program.{u_2, u_1} S β → «ROOT».Program.{u_2, u_1} S α)           (fun (f : β → α) (x : «ROOT».Program.{u_2, u_1} S β) =>             (@fun {α β : Type u_2} => @«ROOT».Program.bind.{u_1, u_2} S α β) β α x               (@Function.comp.{u_2 + 1, u_2 + 1, (max u_1 u_2) + 1} β α («ROOT».Program.{u_2, u_1} S α)                 ((@fun {α : Type u_2} => @«ROOT».Program.pure.{u_2, u_1} S α) α) f))           (@Function.const.{u_2 + 1, u_2 + 1} α β))       (@Pure.mk.{u_2, max u_1 u_2} («ROOT».Program.{u_2, u_1} S) fun {α : Type u_2} =>         @«ROOT».Program.pure.{u_2, u_1} S α)       (@Seq.mk.{u_2, max u_1 u_2} («ROOT».Program.{u_2, u_1} S)         fun {α β : Type u_2} (f : «ROOT».Program.{u_2, u_1} S (α → β)) (x : Unit → «ROOT».Program.{u_2, u_1} S α) =>         (@fun {α β : Type u_2} => @«ROOT».Program.bind.{u_1, u_2} S α β) (α → β) β f fun (y : α → β) =>           (@fun {α β : Type u_2} => @«ROOT».Program.bind.{u_1, u_2} S α β) α β (x Unit.unit)             (@Function.comp.{u_2 + 1, u_2 + 1, (max u_1 u_2) + 1} α β («ROOT».Program.{u_2, u_1} S β)               ((@fun {α : Type u_2} => @«ROOT».Program.pure.{u_2, u_1} S α) β) y))       (@SeqLeft.mk.{u_2, max u_1 u_2} («ROOT».Program.{u_2, u_1} S)         fun {α β : Type u_2} (x : «ROOT».Program.{u_2, u_1} S α) (y : Unit → «ROOT».Program.{u_2, u_1} S β) =>         (@fun {α β : Type u_2} => @«ROOT».Program.bind.{u_1, u_2} S α β) α α x fun (a : α) =>           (@fun {α β : Type u_2} => @«ROOT».Program.bind.{u_1, u_2} S α β) β α (y Unit.unit) fun (x : β) =>             (@fun {α : Type u_2} => @«ROOT».Program.pure.{u_2, u_1} S α) α a)       (@SeqRight.mk.{u_2, max u_1 u_2} («ROOT».Program.{u_2, u_1} S)         fun {α β : Type u_2} (x : «ROOT».Program.{u_2, u_1} S α) (y : Unit → «ROOT».Program.{u_2, u_1} S β) =>         (@fun {α β : Type u_2} => @«ROOT».Program.bind.{u_1, u_2} S α β) α β x fun (x : α) => y Unit.unit))     (@Bind.mk.{u_2, max u_1 u_2} («ROOT».Program.{u_2, u_1} S) fun {α β : Type u_2} =>       @«ROOT».Program.bind.{u_1, u_2} S α β)	
«ROOT».Program.noConfusion	«ROOT».Algebra.Program	def	u,uAns,uOp	{P : Sort u} →   {signature : «ROOT».Signature.{uOp, uAns}} →     {A : Type uAns} →       {t : «ROOT».Program.{uAns, uOp} signature A} →         {signature' : «ROOT».Signature.{uOp, uAns}} →           {A' : Type uAns} →             {t' : «ROOT».Program.{uAns, uOp} signature' A'} →               (eq_1 : @Eq.{max (uAns + 2) (uOp + 2)} «ROOT».Signature.{uOp, uAns} signature signature') →                 (eq_2 : @Eq.{uAns + 2} (Type uAns) A A') →                   (eq_3 :                       @HEq.{(max uOp uAns) + 1} («ROOT».Program.{uAns, uOp} signature A) t                         («ROOT».Program.{uAns, uOp} signature' A') t') →                     @«ROOT».Program.noConfusionType.{u, uAns, uOp} P signature A t signature' A' t'	fun {P : Sort u} {signature : «ROOT».Signature.{uOp, uAns}} {A : Type uAns}     {t : «ROOT».Program.{uAns, uOp} signature A} {signature' : «ROOT».Signature.{uOp, uAns}} {A' : Type uAns}     {t' : «ROOT».Program.{uAns, uOp} signature' A'}     (eq_1 : @Eq.{max (uAns + 2) (uOp + 2)} «ROOT».Signature.{uOp, uAns} signature signature')     (eq_2 : @Eq.{uAns + 2} (Type uAns) A A')     (eq_3 :       @HEq.{(max uOp uAns) + 1} («ROOT».Program.{uAns, uOp} signature A) t («ROOT».Program.{uAns, uOp} signature' A')         t') =>   @Eq.ndrec.{imax (max (uAns + 1) (uOp + 1)) u, max (uAns + 2) (uOp + 2)} «ROOT».Signature.{uOp, uAns} signature     (fun {signature' : «ROOT».Signature.{uOp, uAns}} =>       {t' : «ROOT».Program.{uAns, uOp} signature' A'} →         (eq_3 :             @HEq.{(max uOp uAns) + 1} («ROOT».Program.{uAns, uOp} signature A) t               («ROOT».Program.{uAns, uOp} signature' A') t') →           @«ROOT».Program.noConfusionType.{u, uAns, uOp} P signature A t signature' A' t')     (fun {t' : «ROOT».Program.{uAns, uOp} signature A'}         (eq_3 :           @HEq.{(max uOp uAns) + 1} («ROOT».Program.{uAns, uOp} signature A) t             («ROOT».Program.{uAns, uOp} signature A') t') =>       @Eq.ndrec.{imax (max (uAns + 1) (uOp + 1)) u, uAns + 2} (Type uAns) A         (fun {A' : Type uAns} =>           {t' : «ROOT».Program.{uAns, uOp} signature A'} →             (eq_3 :                 @HEq.{(max uOp uAns) + 1} («ROOT».Program.{uAns, uOp} signature A) t                   («ROOT».Program.{uAns, uOp} signature A') t') →               @«ROOT».Program.noConfusionType.{u, uAns, uOp} P signature A t signature A' t')         (fun {t' : «ROOT».Program.{uAns, uOp} signature A}             (eq_3 :               @HEq.{(max uOp uAns) + 1} («ROOT».Program.{uAns, uOp} signature A) t                 («ROOT».Program.{uAns, uOp} signature A) t') =>           @Eq.ndrec.{u, (max uOp uAns) + 1} («ROOT».Program.{uAns, uOp} signature A) t             (fun {t' : «ROOT».Program.{uAns, uOp} signature A} =>               @«ROOT».Program.noConfusionType.{u, uAns, uOp} P signature A t signature A t')             (@«ROOT».Program.casesOn.{u, uAns, uOp} signature A               (fun {t : «ROOT».Program.{uAns, uOp} signature A} =>                 @«ROOT».Program.noConfusionType.{u, uAns, uOp} P signature A t signature A t)               t               (fun (value : A) (k : (value_eq : @HEq.{uAns + 1} A value A value) → P) =>                 k (@HEq.refl.{uAns + 1} A value))               fun (operation : «ROOT».Signature.Op.{uOp, uAns} signature)                 (next :                   «ROOT».Signature.Answer.{uOp, uAns} signature operation → «ROOT».Program.{uAns, uOp} signature A)                 (k :                   (operation_eq :                       @HEq.{uOp + 1} («ROOT».Signature.Op.{uOp, uAns} signature) operation                         («ROOT».Signature.Op.{uOp, uAns} signature) operation) →                     (next_eq :                         @HEq.{max (uAns + 1) (uOp + 1)}                           («ROOT».Signature.Answer.{uOp, uAns} signature operation →                             «ROOT».Program.{uAns, uOp} signature A)                           next                           («ROOT».Signature.Answer.{uOp, uAns} signature operation →                             «ROOT».Program.{uAns, uOp} signature A)                           next) →                       P) =>               k (@HEq.refl.{uOp + 1} («ROOT».Signature.Op.{uOp, uAns} signature) operation)                 (@HEq.refl.{max (uAns + 1) (uOp + 1)}                   («ROOT».Signature.Answer.{uOp, uAns} signature operation → «ROOT».Program.{uAns, uOp} signature A)                   next))             t' (@eq_of_heq.{(max uOp uAns) + 1} («ROOT».Program.{uAns, uOp} signature A) t t' eq_3))         A' eq_2 t' eq_3)     signature' eq_1 t' eq_3	
«ROOT».Program.noConfusionType	«ROOT».Algebra.Program	def	u,uAns,uOp	(P : Sort u) →   {signature : «ROOT».Signature.{uOp, uAns}} →     {A : Type uAns} →       (t : «ROOT».Program.{uAns, uOp} signature A) →         {signature' : «ROOT».Signature.{uOp, uAns}} →           {A' : Type uAns} → (t' : «ROOT».Program.{uAns, uOp} signature' A') → Sort u	fun (P : Sort u) {signature : «ROOT».Signature.{uOp, uAns}} {A : Type uAns}     (t : «ROOT».Program.{uAns, uOp} signature A) {signature' : «ROOT».Signature.{uOp, uAns}} {A' : Type uAns}     (t' : «ROOT».Program.{uAns, uOp} signature' A') =>   @«ROOT».Program.casesOn.{u + 1, uAns, uOp} signature A (fun (t : «ROOT».Program.{uAns, uOp} signature A) => Sort u)     t     (fun (value : A) =>       @«ROOT».Program.casesOn.{u + 1, uAns, uOp} signature' A'         (fun (t : «ROOT».Program.{uAns, uOp} signature' A') => Sort u) t'         (fun (value_1 : A') => ((value_eq : @HEq.{uAns + 1} A value A' value_1) → P) → P)         fun (operation : «ROOT».Signature.Op.{uOp, uAns} signature')           (next :             «ROOT».Signature.Answer.{uOp, uAns} signature' operation → «ROOT».Program.{uAns, uOp} signature' A') =>         P)     fun (operation : «ROOT».Signature.Op.{uOp, uAns} signature)       (next : «ROOT».Signature.Answer.{uOp, uAns} signature operation → «ROOT».Program.{uAns, uOp} signature A) =>     @«ROOT».Program.casesOn.{u + 1, uAns, uOp} signature' A'       (fun (t : «ROOT».Program.{uAns, uOp} signature' A') => Sort u) t' (fun (value : A') => P)       fun (operation_1 : «ROOT».Signature.Op.{uOp, uAns} signature')         (next_1 :           «ROOT».Signature.Answer.{uOp, uAns} signature' operation_1 → «ROOT».Program.{uAns, uOp} signature' A') =>       ((operation_eq :             @HEq.{uOp + 1} («ROOT».Signature.Op.{uOp, uAns} signature) operation               («ROOT».Signature.Op.{uOp, uAns} signature') operation_1) →           (next_eq :               @HEq.{max (uAns + 1) (uOp + 1)}                 («ROOT».Signature.Answer.{uOp, uAns} signature operation → «ROOT».Program.{uAns, uOp} signature A)                 next                 («ROOT».Signature.Answer.{uOp, uAns} signature' operation_1 →                   «ROOT».Program.{uAns, uOp} signature' A')                 next_1) →             P) →         P	
«ROOT».Program.perform	«ROOT».Algebra.Program	def	u_1,u_2	{S : «ROOT».Signature.{u_1, u_2}} →   (operation : «ROOT».Signature.Op.{u_1, u_2} S) →     «ROOT».Program.{u_2, u_1} S («ROOT».Signature.Answer.{u_1, u_2} S operation)	fun {S : «ROOT».Signature.{u_1, u_2}} (operation : «ROOT».Signature.Op.{u_1, u_2} S) =>   @«ROOT».Program.vis.{u_2, u_1} S («ROOT».Signature.Answer.{u_1, u_2} S operation) operation     (@«ROOT».Program.pure.{u_2, u_1} S («ROOT».Signature.Answer.{u_1, u_2} S operation))	
«ROOT».Program.perform.eq_1	«ROOT».Algebra.Sum	theorem	u_1,u_2	∀ {S : «ROOT».Signature.{u_1, u_2}} (operation : «ROOT».Signature.Op.{u_1, u_2} S),   @Eq.{(max u_1 u_2) + 1} («ROOT».Program.{u_2, u_1} S («ROOT».Signature.Answer.{u_1, u_2} S operation))     (@«ROOT».Program.perform.{u_1, u_2} S operation)     (@«ROOT».Program.vis.{u_2, u_1} S («ROOT».Signature.Answer.{u_1, u_2} S operation) operation       (@«ROOT».Program.pure.{u_2, u_1} S («ROOT».Signature.Answer.{u_1, u_2} S operation)))		
«ROOT».Program.perform_bind	«ROOT».Algebra.Laws	theorem	u_1,u_2	∀ {S : «ROOT».Signature.{u_1, u_2}} {B : Type u_2} (operation : «ROOT».Signature.Op.{u_1, u_2} S)   (next : «ROOT».Signature.Answer.{u_1, u_2} S operation → «ROOT».Program.{u_2, u_1} S B),   @Eq.{max (u_2 + 1) (u_1 + 1)} («ROOT».Program.{u_2, u_1} S B)     (@«ROOT».Program.bind.{u_1, u_2} S («ROOT».Signature.Answer.{u_1, u_2} S operation) B       (@«ROOT».Program.perform.{u_1, u_2} S operation) next)     (@«ROOT».Program.vis.{u_2, u_1} S B operation next)		
«ROOT».Program.pure	«ROOT».Algebra.Program	ctor	uAns,uOp	{signature : «ROOT».Signature.{uOp, uAns}} → {A : Type uAns} → (value : A) → «ROOT».Program.{uAns, uOp} signature A		
«ROOT».Program.pure.elim	«ROOT».Algebra.Program	def	u,uAns,uOp	{signature : «ROOT».Signature.{uOp, uAns}} →   {A : Type uAns} →     {motive : (t : «ROOT».Program.{uAns, uOp} signature A) → Sort u} →       (t : «ROOT».Program.{uAns, uOp} signature A) →         (h : @Eq.{1} Nat (@«ROOT».Program.ctorIdx.{uAns, uOp} signature A t) (nat_lit 0)) →           (pure : (value : A) → motive (@«ROOT».Program.pure.{uAns, uOp} signature A value)) → motive t	fun {signature : «ROOT».Signature.{uOp, uAns}} {A : Type uAns}     {motive : (t : «ROOT».Program.{uAns, uOp} signature A) → Sort u} (t : «ROOT».Program.{uAns, uOp} signature A)     (h : @Eq.{1} Nat (@«ROOT».Program.ctorIdx.{uAns, uOp} signature A t) (nat_lit 0))     (pure : (value : A) → motive (@«ROOT».Program.pure.{uAns, uOp} signature A value)) =>   @«ROOT».Program.ctorElim.{u, uAns, uOp} signature A motive (nat_lit 0) t     (@Eq.symm.{1} Nat (@«ROOT».Program.ctorIdx.{uAns, uOp} signature A t) (nat_lit 0) h)     (@PULift.up.{max (imax (uAns + 1) u) (imax (uOp + 1) (max (uAns + 1) (uOp + 1)) u), imax (uAns + 1) u}       ((value : A) → motive (@«ROOT».Program.pure.{uAns, uOp} signature A value)) pure)	
«ROOT».Program.pure.inj	«ROOT».Algebra.Program	theorem	uAns,uOp	∀ {signature : «ROOT».Signature.{uOp, uAns}} {A : Type uAns} {value value_1 : A},   @Eq.{(max uOp uAns) + 1} («ROOT».Program.{uAns, uOp} signature A)       (@«ROOT».Program.pure.{uAns, uOp} signature A value) (@«ROOT».Program.pure.{uAns, uOp} signature A value_1) →     @Eq.{uAns + 1} A value value_1		
«ROOT».Program.pure.injEq	«ROOT».Algebra.Program	theorem	uAns,uOp	∀ {signature : «ROOT».Signature.{uOp, uAns}} {A : Type uAns} (value value_1 : A),   @Eq.{1} Prop     (@Eq.{(max uOp uAns) + 1} («ROOT».Program.{uAns, uOp} signature A)       (@«ROOT».Program.pure.{uAns, uOp} signature A value) (@«ROOT».Program.pure.{uAns, uOp} signature A value_1))     (@Eq.{uAns + 1} A value value_1)		propext
«ROOT».Program.pure.noConfusion	«ROOT».Algebra.Program	def	u,uAns,uOp	{signature : «ROOT».Signature.{uOp, uAns}} →   {A : Type uAns} →     {P : Sort u} →       {value value' : A} →         (eq :             @Eq.{(max uOp uAns) + 1} («ROOT».Program.{uAns, uOp} signature A)               (@«ROOT».Program.pure.{uAns, uOp} signature A value)               (@«ROOT».Program.pure.{uAns, uOp} signature A value')) →           (k : (value_eq : @HEq.{uAns + 1} A value A value') → P) → P	fun {signature : «ROOT».Signature.{uOp, uAns}} {A : Type uAns} {P : Sort u} {value value' : A}     (eq :       @Eq.{(max uOp uAns) + 1} («ROOT».Program.{uAns, uOp} signature A)         (@«ROOT».Program.pure.{uAns, uOp} signature A value) (@«ROOT».Program.pure.{uAns, uOp} signature A value'))     (k : (value_eq : @HEq.{uAns + 1} A value A value') → P) =>   @id.{u} P     (@«ROOT».Program.noConfusion.{u, uAns, uOp} P signature A (@«ROOT».Program.pure.{uAns, uOp} signature A value)       signature A (@«ROOT».Program.pure.{uAns, uOp} signature A value')       (@Eq.refl.{max (uAns + 2) (uOp + 2)} «ROOT».Signature.{uOp, uAns} signature) (@Eq.refl.{uAns + 2} (Type uAns) A)       (@heq_of_eq.{(max uOp uAns) + 1} («ROOT».Program.{uAns, uOp} signature A)         (@«ROOT».Program.pure.{uAns, uOp} signature A value) (@«ROOT».Program.pure.{uAns, uOp} signature A value') eq)       k)	
«ROOT».Program.pure.sizeOf_spec	«ROOT».Algebra.Program	theorem	uAns,uOp	∀ {signature : «ROOT».Signature.{uOp, uAns}} {A : Type uAns} [inst : SizeOf.{uAns + 1} A] (value : A),   @Eq.{1} Nat     (@SizeOf.sizeOf.{(max uOp uAns) + 1} («ROOT».Program.{uAns, uOp} signature A)       (@«ROOT».Program._sizeOf_inst.{uAns, uOp} signature A inst)       (@«ROOT».Program.pure.{uAns, uOp} signature A value))     (@HAdd.hAdd.{0, 0, 0} Nat Nat Nat (@instHAdd.{0} Nat instAddNat)       (@OfNat.ofNat.{0} Nat (nat_lit 1) (instOfNatNat (nat_lit 1))) (@SizeOf.sizeOf.{uAns + 1} A inst value))		
«ROOT».Program.rec	«ROOT».Algebra.Program	recursor	u,uAns,uOp	{signature : «ROOT».Signature.{uOp, uAns}} →   {A : Type uAns} →     {motive : (t : «ROOT».Program.{uAns, uOp} signature A) → Sort u} →       (pure : (value : A) → motive (@«ROOT».Program.pure.{uAns, uOp} signature A value)) →         (vis :             (operation : «ROOT».Signature.Op.{uOp, uAns} signature) →               (next :                   «ROOT».Signature.Answer.{uOp, uAns} signature operation → «ROOT».Program.{uAns, uOp} signature A) →                 (next_ih : (a : «ROOT».Signature.Answer.{uOp, uAns} signature operation) → motive (next a)) →                   motive (@«ROOT».Program.vis.{uAns, uOp} signature A operation next)) →           (t : «ROOT».Program.{uAns, uOp} signature A) → motive t		
«ROOT».Program.recOn	«ROOT».Algebra.Program	def	u,uAns,uOp	{signature : «ROOT».Signature.{uOp, uAns}} →   {A : Type uAns} →     {motive : (t : «ROOT».Program.{uAns, uOp} signature A) → Sort u} →       (t : «ROOT».Program.{uAns, uOp} signature A) →         (pure : (value : A) → motive (@«ROOT».Program.pure.{uAns, uOp} signature A value)) →           (vis :               (operation : «ROOT».Signature.Op.{uOp, uAns} signature) →                 (next :                     «ROOT».Signature.Answer.{uOp, uAns} signature operation →                       «ROOT».Program.{uAns, uOp} signature A) →                   (next_ih : (a : «ROOT».Signature.Answer.{uOp, uAns} signature operation) → motive (next a)) →                     motive (@«ROOT».Program.vis.{uAns, uOp} signature A operation next)) →             motive t	fun {signature : «ROOT».Signature.{uOp, uAns}} {A : Type uAns}     {motive : (t : «ROOT».Program.{uAns, uOp} signature A) → Sort u} (t : «ROOT».Program.{uAns, uOp} signature A)     (pure : (value : A) → motive (@«ROOT».Program.pure.{uAns, uOp} signature A value))     (vis :       (operation : «ROOT».Signature.Op.{uOp, uAns} signature) →         (next : «ROOT».Signature.Answer.{uOp, uAns} signature operation → «ROOT».Program.{uAns, uOp} signature A) →           (next_ih : (a : «ROOT».Signature.Answer.{uOp, uAns} signature operation) → motive (next a)) →             motive (@«ROOT».Program.vis.{uAns, uOp} signature A operation next)) =>   @«ROOT».Program.rec.{u, uAns, uOp} signature A motive pure vis t	
«ROOT».Program.vis	«ROOT».Algebra.Program	ctor	uAns,uOp	{signature : «ROOT».Signature.{uOp, uAns}} →   {A : Type uAns} →     (operation : «ROOT».Signature.Op.{uOp, uAns} signature) →       (next : «ROOT».Signature.Answer.{uOp, uAns} signature operation → «ROOT».Program.{uAns, uOp} signature A) →         «ROOT».Program.{uAns, uOp} signature A		
«ROOT».Program.vis.elim	«ROOT».Algebra.Program	def	u,uAns,uOp	{signature : «ROOT».Signature.{uOp, uAns}} →   {A : Type uAns} →     {motive : (t : «ROOT».Program.{uAns, uOp} signature A) → Sort u} →       (t : «ROOT».Program.{uAns, uOp} signature A) →         (h : @Eq.{1} Nat (@«ROOT».Program.ctorIdx.{uAns, uOp} signature A t) (nat_lit 1)) →           (vis :               (operation : «ROOT».Signature.Op.{uOp, uAns} signature) →                 (next :                     «ROOT».Signature.Answer.{uOp, uAns} signature operation →                       «ROOT».Program.{uAns, uOp} signature A) →                   motive (@«ROOT».Program.vis.{uAns, uOp} signature A operation next)) →             motive t	fun {signature : «ROOT».Signature.{uOp, uAns}} {A : Type uAns}     {motive : (t : «ROOT».Program.{uAns, uOp} signature A) → Sort u} (t : «ROOT».Program.{uAns, uOp} signature A)     (h : @Eq.{1} Nat (@«ROOT».Program.ctorIdx.{uAns, uOp} signature A t) (nat_lit 1))     (vis :       (operation : «ROOT».Signature.Op.{uOp, uAns} signature) →         (next : «ROOT».Signature.Answer.{uOp, uAns} signature operation → «ROOT».Program.{uAns, uOp} signature A) →           motive (@«ROOT».Program.vis.{uAns, uOp} signature A operation next)) =>   @«ROOT».Program.ctorElim.{u, uAns, uOp} signature A motive (nat_lit 1) t     (@Eq.symm.{1} Nat (@«ROOT».Program.ctorIdx.{uAns, uOp} signature A t) (nat_lit 1) h)     (@PULift.up.{max (imax (uAns + 1) u) (imax (uOp + 1) (max (uAns + 1) (uOp + 1)) u),           imax (uOp + 1) (max (uAns + 1) (uOp + 1)) u}       ((operation : «ROOT».Signature.Op.{uOp, uAns} signature) →         (next : «ROOT».Signature.Answer.{uOp, uAns} signature operation → «ROOT».Program.{uAns, uOp} signature A) →           motive (@«ROOT».Program.vis.{uAns, uOp} signature A operation next))       vis)	
«ROOT».Program.vis.inj	«ROOT».Algebra.Program	theorem	uAns,uOp	∀ {signature : «ROOT».Signature.{uOp, uAns}} {A : Type uAns} {operation : «ROOT».Signature.Op.{uOp, uAns} signature}   {next : «ROOT».Signature.Answer.{uOp, uAns} signature operation → «ROOT».Program.{uAns, uOp} signature A}   {operation_1 : «ROOT».Signature.Op.{uOp, uAns} signature}   {next_1 : «ROOT».Signature.Answer.{uOp, uAns} signature operation_1 → «ROOT».Program.{uAns, uOp} signature A},   @Eq.{(max uOp uAns) + 1} («ROOT».Program.{uAns, uOp} signature A)       (@«ROOT».Program.vis.{uAns, uOp} signature A operation next)       (@«ROOT».Program.vis.{uAns, uOp} signature A operation_1 next_1) →     And (@Eq.{uOp + 1} («ROOT».Signature.Op.{uOp, uAns} signature) operation operation_1)       (@HEq.{max (uAns + 1) (uOp + 1)}         («ROOT».Signature.Answer.{uOp, uAns} signature operation → «ROOT».Program.{uAns, uOp} signature A) next         («ROOT».Signature.Answer.{uOp, uAns} signature operation_1 → «ROOT».Program.{uAns, uOp} signature A) next_1)		
«ROOT».Program.vis.injEq	«ROOT».Algebra.Program	theorem	uAns,uOp	∀ {signature : «ROOT».Signature.{uOp, uAns}} {A : Type uAns} (operation : «ROOT».Signature.Op.{uOp, uAns} signature)   (next : «ROOT».Signature.Answer.{uOp, uAns} signature operation → «ROOT».Program.{uAns, uOp} signature A)   (operation_1 : «ROOT».Signature.Op.{uOp, uAns} signature)   (next_1 : «ROOT».Signature.Answer.{uOp, uAns} signature operation_1 → «ROOT».Program.{uAns, uOp} signature A),   @Eq.{1} Prop     (@Eq.{(max uOp uAns) + 1} («ROOT».Program.{uAns, uOp} signature A)       (@«ROOT».Program.vis.{uAns, uOp} signature A operation next)       (@«ROOT».Program.vis.{uAns, uOp} signature A operation_1 next_1))     (And (@Eq.{uOp + 1} («ROOT».Signature.Op.{uOp, uAns} signature) operation operation_1)       (@HEq.{max (uAns + 1) (uOp + 1)}         («ROOT».Signature.Answer.{uOp, uAns} signature operation → «ROOT».Program.{uAns, uOp} signature A) next         («ROOT».Signature.Answer.{uOp, uAns} signature operation_1 → «ROOT».Program.{uAns, uOp} signature A) next_1))		propext
«ROOT».Program.vis.noConfusion	«ROOT».Algebra.Program	def	u,uAns,uOp	{signature : «ROOT».Signature.{uOp, uAns}} →   {A : Type uAns} →     {P : Sort u} →       {operation : «ROOT».Signature.Op.{uOp, uAns} signature} →         {next : «ROOT».Signature.Answer.{uOp, uAns} signature operation → «ROOT».Program.{uAns, uOp} signature A} →           {operation' : «ROOT».Signature.Op.{uOp, uAns} signature} →             {next' :                 «ROOT».Signature.Answer.{uOp, uAns} signature operation' → «ROOT».Program.{uAns, uOp} signature A} →               (eq :                   @Eq.{(max uOp uAns) + 1} («ROOT».Program.{uAns, uOp} signature A)                     (@«ROOT».Program.vis.{uAns, uOp} signature A operation next)                     (@«ROOT».Program.vis.{uAns, uOp} signature A operation' next')) →                 (k :                     (operation_eq :                         @HEq.{uOp + 1} («ROOT».Signature.Op.{uOp, uAns} signature) operation                           («ROOT».Signature.Op.{uOp, uAns} signature) operation') →                       (next_eq :                           @HEq.{max (uAns + 1) (uOp + 1)}                             («ROOT».Signature.Answer.{uOp, uAns} signature operation →                               «ROOT».Program.{uAns, uOp} signature A)                             next                             («ROOT».Signature.Answer.{uOp, uAns} signature operation' →                               «ROOT».Program.{uAns, uOp} signature A)                             next') →                         P) →                   P	fun {signature : «ROOT».Signature.{uOp, uAns}} {A : Type uAns} {P : Sort u}     {operation : «ROOT».Signature.Op.{uOp, uAns} signature}     {next : «ROOT».Signature.Answer.{uOp, uAns} signature operation → «ROOT».Program.{uAns, uOp} signature A}     {operation' : «ROOT».Signature.Op.{uOp, uAns} signature}     {next' : «ROOT».Signature.Answer.{uOp, uAns} signature operation' → «ROOT».Program.{uAns, uOp} signature A}     (eq :       @Eq.{(max uOp uAns) + 1} («ROOT».Program.{uAns, uOp} signature A)         (@«ROOT».Program.vis.{uAns, uOp} signature A operation next)         (@«ROOT».Program.vis.{uAns, uOp} signature A operation' next'))     (k :       (operation_eq :           @HEq.{uOp + 1} («ROOT».Signature.Op.{uOp, uAns} signature) operation             («ROOT».Signature.Op.{uOp, uAns} signature) operation') →         (next_eq :             @HEq.{max (uAns + 1) (uOp + 1)}               («ROOT».Signature.Answer.{uOp, uAns} signature operation → «ROOT».Program.{uAns, uOp} signature A) next               («ROOT».Signature.Answer.{uOp, uAns} signature operation' → «ROOT».Program.{uAns, uOp} signature A)               next') →           P) =>   @id.{u} P     (@«ROOT».Program.noConfusion.{u, uAns, uOp} P signature A       (@«ROOT».Program.vis.{uAns, uOp} signature A operation next) signature A       (@«ROOT».Program.vis.{uAns, uOp} signature A operation' next')       (@Eq.refl.{max (uAns + 2) (uOp + 2)} «ROOT».Signature.{uOp, uAns} signature) (@Eq.refl.{uAns + 2} (Type uAns) A)       (@heq_of_eq.{(max uOp uAns) + 1} («ROOT».Program.{uAns, uOp} signature A)         (@«ROOT».Program.vis.{uAns, uOp} signature A operation next)         (@«ROOT».Program.vis.{uAns, uOp} signature A operation' next') eq)       k)	
«ROOT».Program.vis.sizeOf_spec	«ROOT».Algebra.Program	theorem	uAns,uOp	∀ {signature : «ROOT».Signature.{uOp, uAns}} {A : Type uAns} [inst : SizeOf.{uAns + 1} A]   (operation : «ROOT».Signature.Op.{uOp, uAns} signature)   (next : «ROOT».Signature.Answer.{uOp, uAns} signature operation → «ROOT».Program.{uAns, uOp} signature A),   @Eq.{1} Nat     (@SizeOf.sizeOf.{(max uOp uAns) + 1} («ROOT».Program.{uAns, uOp} signature A)       (@«ROOT».Program._sizeOf_inst.{uAns, uOp} signature A inst)       (@«ROOT».Program.vis.{uAns, uOp} signature A operation next))     (@HAdd.hAdd.{0, 0, 0} Nat Nat Nat (@instHAdd.{0} Nat instAddNat)       (@OfNat.ofNat.{0} Nat (nat_lit 1) (instOfNatNat (nat_lit 1)))       (@SizeOf.sizeOf.{uOp + 1} («ROOT».Signature.Op.{uOp, uAns} signature)         (instSizeOfDefault.{uOp + 1} («ROOT».Signature.Op.{uOp, uAns} signature)) operation))		
«ROOT».RightUnit	«ROOT».Algebra.MonadLaws	def	u,v	(M : Type u → Type v) → [Monad.{u, v} M] → Prop	fun (M : Type u → Type v) [inst : Monad.{u, v} M] =>   ∀ {A : Type u} (value : M A),     @Eq.{v + 1} (M A)       (@Bind.bind.{u, v} M (@Monad.toBind.{u, v} M inst) A A value fun (result : A) =>         @Pure.pure.{u, v} M (@Applicative.toPure.{u, v} M (@Monad.toApplicative.{u, v} M inst)) A result)       value	
«ROOT».Signature	«ROOT».Algebra.Signature	inductive	uOp,uAns	Type (max (uAns + 1) (uOp + 1))		
«ROOT».Signature.Answer	«ROOT».Algebra.Signature	def	uOp,uAns	(self : «ROOT».Signature.{uOp, uAns}) → «ROOT».Signature.Op.{uOp, uAns} self → Type uAns	fun (self : «ROOT».Signature.{uOp, uAns}) => self.2	
«ROOT».Signature.Op	«ROOT».Algebra.Signature	def	uOp,uAns	(self : «ROOT».Signature.{uOp, uAns}) → Type uOp	fun (self : «ROOT».Signature.{uOp, uAns}) => self.1	
«ROOT».Signature._sizeOf_1	«ROOT».Algebra.Signature	def	uOp,uAns	(t : «ROOT».Signature.{uOp, uAns}) → Nat	fun (t : «ROOT».Signature.{uOp, uAns}) =>   @«ROOT».Signature.rec.{1, uOp, uAns} (fun (t : «ROOT».Signature.{uOp, uAns}) => Nat)     (fun (Op : Type uOp) (Answer : Op → Type uAns) =>       @HAdd.hAdd.{0, 0, 0} Nat Nat Nat (@instHAdd.{0} Nat instAddNat)         (@OfNat.ofNat.{0} Nat (nat_lit 1) (instOfNatNat (nat_lit 1)))         (@SizeOf.sizeOf.{uOp + 2} (Type uOp) (instSizeOfDefault.{uOp + 2} (Type uOp)) Op))     t	
«ROOT».Signature._sizeOf_inst	«ROOT».Algebra.Signature	def	uOp,uAns	SizeOf.{max (uAns + 2) (uOp + 2)} «ROOT».Signature.{uOp, uAns}	@SizeOf.mk.{max (uAns + 2) (uOp + 2)} «ROOT».Signature.{uOp, uAns} fun (m : «ROOT».Signature.{uOp, uAns}) =>   «ROOT».Signature._sizeOf_1.{uOp, uAns} m	
«ROOT».Signature.casesOn	«ROOT».Algebra.Signature	def	u,uOp,uAns	{motive : (t : «ROOT».Signature.{uOp, uAns}) → Sort u} →   (t : «ROOT».Signature.{uOp, uAns}) →     (mk : (Op : Type uOp) → (Answer : Op → Type uAns) → motive («ROOT».Signature.mk.{uOp, uAns} Op Answer)) → motive t	fun {motive : (t : «ROOT».Signature.{uOp, uAns}) → Sort u} (t : «ROOT».Signature.{uOp, uAns})     (mk : (Op : Type uOp) → (Answer : Op → Type uAns) → motive («ROOT».Signature.mk.{uOp, uAns} Op Answer)) =>   @«ROOT».Signature.rec.{u, uOp, uAns} motive (fun (Op : Type uOp) (Answer : Op → Type uAns) => mk Op Answer) t	
«ROOT».Signature.ctorIdx	«ROOT».Algebra.Signature	def	uOp,uAns	«ROOT».Signature.{uOp, uAns} → Nat	fun (x : «ROOT».Signature.{uOp, uAns}) => nat_lit 0	
«ROOT».Signature.mk	«ROOT».Algebra.Signature	ctor	uOp,uAns	(Op : Type uOp) → (Answer : Op → Type uAns) → «ROOT».Signature.{uOp, uAns}		
«ROOT».Signature.mk._flat_ctor	«ROOT».Algebra.Signature	def	uOp,uAns	(Op : Type uOp) → (Answer : Op → Type uAns) → «ROOT».Signature.{uOp, uAns}	fun (Op : Type uOp) (Answer : Op → Type uAns) => «ROOT».Signature.mk.{uOp, uAns} Op Answer	
«ROOT».Signature.mk.inj	«ROOT».Algebra.Signature	theorem	uOp,uAns	∀ {Op : Type uOp} {Answer : Op → Type uAns} {Op_1 : Type uOp} {Answer_1 : Op_1 → Type uAns},   @Eq.{max (uAns + 2) (uOp + 2)} «ROOT».Signature.{uOp, uAns} («ROOT».Signature.mk.{uOp, uAns} Op Answer)       («ROOT».Signature.mk.{uOp, uAns} Op_1 Answer_1) →     And (@Eq.{uOp + 2} (Type uOp) Op Op_1)       (@HEq.{max (uAns + 2) (uOp + 1)} (Op → Type uAns) Answer (Op_1 → Type uAns) Answer_1)		
«ROOT».Signature.mk.injEq	«ROOT».Algebra.Signature	theorem	uOp,uAns	∀ (Op : Type uOp) (Answer : Op → Type uAns) (Op_1 : Type uOp) (Answer_1 : Op_1 → Type uAns),   @Eq.{1} Prop     (@Eq.{max (uAns + 2) (uOp + 2)} «ROOT».Signature.{uOp, uAns} («ROOT».Signature.mk.{uOp, uAns} Op Answer)       («ROOT».Signature.mk.{uOp, uAns} Op_1 Answer_1))     (And (@Eq.{uOp + 2} (Type uOp) Op Op_1)       (@HEq.{max (uAns + 2) (uOp + 1)} (Op → Type uAns) Answer (Op_1 → Type uAns) Answer_1))		propext
«ROOT».Signature.mk.noConfusion	«ROOT».Algebra.Signature	def	u,uOp,uAns	{P : Sort u} →   {Op : Type uOp} →     {Answer : Op → Type uAns} →       {Op' : Type uOp} →         {Answer' : Op' → Type uAns} →           (eq :               @Eq.{max (uAns + 2) (uOp + 2)} «ROOT».Signature.{uOp, uAns} («ROOT».Signature.mk.{uOp, uAns} Op Answer)                 («ROOT».Signature.mk.{uOp, uAns} Op' Answer')) →             (k :                 (Op_eq : @Eq.{uOp + 2} (Type uOp) Op Op') →                   (Answer_eq : @HEq.{max (uAns + 2) (uOp + 1)} (Op → Type uAns) Answer (Op' → Type uAns) Answer') → P) →               P	fun {P : Sort u} {Op : Type uOp} {Answer : Op → Type uAns} {Op' : Type uOp} {Answer' : Op' → Type uAns}     (eq :       @Eq.{max (uAns + 2) (uOp + 2)} «ROOT».Signature.{uOp, uAns} («ROOT».Signature.mk.{uOp, uAns} Op Answer)         («ROOT».Signature.mk.{uOp, uAns} Op' Answer'))     (k :       (Op_eq : @Eq.{uOp + 2} (Type uOp) Op Op') →         (Answer_eq : @HEq.{max (uAns + 2) (uOp + 1)} (Op → Type uAns) Answer (Op' → Type uAns) Answer') → P) =>   @id.{u} P     (@«ROOT».Signature.noConfusion.{u, uOp, uAns} P («ROOT».Signature.mk.{uOp, uAns} Op Answer)       («ROOT».Signature.mk.{uOp, uAns} Op' Answer') eq k)	
«ROOT».Signature.mk.sizeOf_spec	«ROOT».Algebra.Signature	theorem	uOp,uAns	∀ (Op : Type uOp) (Answer : Op → Type uAns),   @Eq.{1} Nat     (@SizeOf.sizeOf.{max (uAns + 2) (uOp + 2)} «ROOT».Signature.{uOp, uAns} «ROOT».Signature._sizeOf_inst.{uOp, uAns}       («ROOT».Signature.mk.{uOp, uAns} Op Answer))     (@HAdd.hAdd.{0, 0, 0} Nat Nat Nat (@instHAdd.{0} Nat instAddNat)       (@OfNat.ofNat.{0} Nat (nat_lit 1) (instOfNatNat (nat_lit 1)))       (@SizeOf.sizeOf.{uOp + 2} (Type uOp) (instSizeOfDefault.{uOp + 2} (Type uOp)) Op))		
«ROOT».Signature.noConfusion	«ROOT».Algebra.Signature	def	u,uOp,uAns	{P : Sort u} →   {t t' : «ROOT».Signature.{uOp, uAns}} →     (eq : @Eq.{max (uAns + 2) (uOp + 2)} «ROOT».Signature.{uOp, uAns} t t') →       «ROOT».Signature.noConfusionType.{u, uOp, uAns} P t t'	fun {P : Sort u} {t t' : «ROOT».Signature.{uOp, uAns}}     (eq : @Eq.{max (uAns + 2) (uOp + 2)} «ROOT».Signature.{uOp, uAns} t t') =>   @Eq.ndrec.{u, max (uAns + 2) (uOp + 2)} «ROOT».Signature.{uOp, uAns} t     (fun {t' : «ROOT».Signature.{uOp, uAns}} => «ROOT».Signature.noConfusionType.{u, uOp, uAns} P t t')     (@«ROOT».Signature.casesOn.{u, uOp, uAns}       (fun {t : «ROOT».Signature.{uOp, uAns}} => «ROOT».Signature.noConfusionType.{u, uOp, uAns} P t t) t       fun (Op : Type uOp) (Answer : Op → Type uAns)         (k :           (Op_eq : @Eq.{uOp + 2} (Type uOp) Op Op) →             (Answer_eq : @HEq.{max (uAns + 2) (uOp + 1)} (Op → Type uAns) Answer (Op → Type uAns) Answer) → P) =>       k (@Eq.refl.{uOp + 2} (Type uOp) Op) (@HEq.refl.{max (uAns + 2) (uOp + 1)} (Op → Type uAns) Answer))     t' eq	
«ROOT».Signature.noConfusionType	«ROOT».Algebra.Signature	def	u,uOp,uAns	(P : Sort u) → (t t' : «ROOT».Signature.{uOp, uAns}) → Sort u	fun (P : Sort u) (t t' : «ROOT».Signature.{uOp, uAns}) =>   @«ROOT».Signature.casesOn.{u + 1, uOp, uAns} (fun (t : «ROOT».Signature.{uOp, uAns}) => Sort u) t     fun (Op : Type uOp) (Answer : Op → Type uAns) =>     @«ROOT».Signature.casesOn.{u + 1, uOp, uAns} (fun (t : «ROOT».Signature.{uOp, uAns}) => Sort u) t'       fun (Op_1 : Type uOp) (Answer_1 : Op_1 → Type uAns) =>       ((Op_eq : @Eq.{uOp + 2} (Type uOp) Op Op_1) →           (Answer_eq : @HEq.{max (uAns + 2) (uOp + 1)} (Op → Type uAns) Answer (Op_1 → Type uAns) Answer_1) → P) →         P	
«ROOT».Signature.rec	«ROOT».Algebra.Signature	recursor	u,uOp,uAns	{motive : (t : «ROOT».Signature.{uOp, uAns}) → Sort u} →   (mk : (Op : Type uOp) → (Answer : Op → Type uAns) → motive («ROOT».Signature.mk.{uOp, uAns} Op Answer)) →     (t : «ROOT».Signature.{uOp, uAns}) → motive t		
«ROOT».Signature.recOn	«ROOT».Algebra.Signature	def	u,uOp,uAns	{motive : (t : «ROOT».Signature.{uOp, uAns}) → Sort u} →   (t : «ROOT».Signature.{uOp, uAns}) →     (mk : (Op : Type uOp) → (Answer : Op → Type uAns) → motive («ROOT».Signature.mk.{uOp, uAns} Op Answer)) → motive t	fun {motive : (t : «ROOT».Signature.{uOp, uAns}) → Sort u} (t : «ROOT».Signature.{uOp, uAns})     (mk : (Op : Type uOp) → (Answer : Op → Type uAns) → motive («ROOT».Signature.mk.{uOp, uAns} Op Answer)) =>   @«ROOT».Signature.rec.{u, uOp, uAns} motive mk t	
«ROOT».Signature.sum	«ROOT».Algebra.Signature	def	uAns,uLeft,uRight	(left : «ROOT».Signature.{uLeft, uAns}) →   (right : «ROOT».Signature.{uRight, uAns}) → «ROOT».Signature.{max uLeft uRight, uAns}	fun (left : «ROOT».Signature.{uLeft, uAns}) (right : «ROOT».Signature.{uRight, uAns}) =>   «ROOT».Signature.mk.{max uLeft uRight, uAns}     (Sum.{uLeft, uRight} («ROOT».Signature.Op.{uLeft, uAns} left) («ROOT».Signature.Op.{uRight, uAns} right))     (@Sum.elim.{uLeft, uRight, uAns + 2} («ROOT».Signature.Op.{uLeft, uAns} left)       («ROOT».Signature.Op.{uRight, uAns} right) (Type uAns) («ROOT».Signature.Answer.{uLeft, uAns} left)       («ROOT».Signature.Answer.{uRight, uAns} right))	
«ROOT».Signature.sum.eq_1	«ROOT».Algebra.Sum	theorem	uAns,uLeft,uRight	∀ (left : «ROOT».Signature.{uLeft, uAns}) (right : «ROOT».Signature.{uRight, uAns}),   @Eq.{max (uAns + 2) ((max uLeft uRight) + 2)} «ROOT».Signature.{max uLeft uRight, uAns}     («ROOT».Signature.sum.{uAns, uLeft, uRight} left right)     («ROOT».Signature.mk.{max uLeft uRight, uAns}       (Sum.{uLeft, uRight} («ROOT».Signature.Op.{uLeft, uAns} left) («ROOT».Signature.Op.{uRight, uAns} right))       (@Sum.elim.{uLeft, uRight, uAns + 2} («ROOT».Signature.Op.{uLeft, uAns} left)         («ROOT».Signature.Op.{uRight, uAns} right) (Type uAns) («ROOT».Signature.Answer.{uLeft, uAns} left)         («ROOT».Signature.Answer.{uRight, uAns} right)))		
«ROOT»._aux_«ROOT»_Algebra_Signature___unexpand_«ROOT»_Signature_sum_1	«ROOT».Algebra.Signature	def		Lean.PrettyPrinter.Unexpander	fun (x : Lean.Syntax) =>   have __discr : Lean.Syntax := x;   @ite.{1} (Lean.PrettyPrinter.UnexpandM Lean.Syntax)     (@Eq.{1} Bool (Lean.Syntax.isOfKind __discr (Lean.Name.mkStr4 "Lean" "Parser" "Term" "app")) Bool.true)     (instDecidableEqBool (Lean.Syntax.isOfKind __discr (Lean.Name.mkStr4 "Lean" "Parser" "Term" "app")) Bool.true)     (have __discr_1 : Lean.Syntax :=       Lean.Syntax.getArg __discr (@OfNat.ofNat.{0} Nat (nat_lit 0) (instOfNatNat (nat_lit 0)));     @cond.{1} (Lean.PrettyPrinter.UnexpandM Lean.Syntax)       (Bool.or Bool.false (Lean.Syntax.isOfKind __discr_1 (Lean.Name.mkStr1 "ident")))       (have __discr_2 : Lean.Syntax :=         Lean.Syntax.getArg __discr (@OfNat.ofNat.{0} Nat (nat_lit 1) (instOfNatNat (nat_lit 1)));       @ite.{1} (Lean.PrettyPrinter.UnexpandM Lean.Syntax)         (@Eq.{1} Bool (Lean.Syntax.matchesNull __discr_2 (@OfNat.ofNat.{0} Nat (nat_lit 2) (instOfNatNat (nat_lit 2))))           Bool.true)         (instDecidableEqBool           (Lean.Syntax.matchesNull __discr_2 (@OfNat.ofNat.{0} Nat (nat_lit 2) (instOfNatNat (nat_lit 2)))) Bool.true)         (have __discr : Lean.Syntax :=           Lean.Syntax.getArg __discr_2 (@OfNat.ofNat.{0} Nat (nat_lit 0) (instOfNatNat (nat_lit 0)));         have __discr_3 : Lean.Syntax :=           Lean.Syntax.getArg __discr_2 (@OfNat.ofNat.{0} Nat (nat_lit 1) (instOfNatNat (nat_lit 1)));         have rhs :           Lean.TSyntax             (@List.cons.{0} Lean.SyntaxNodeKind (Lean.Name.mkStr1 "term") (@List.nil.{0} Lean.SyntaxNodeKind)) :=           @Lean.TSyntax.mk             (@List.cons.{0} Lean.SyntaxNodeKind (Lean.Name.mkStr1 "term") (@List.nil.{0} Lean.SyntaxNodeKind))             __discr_3;         have lhs :           Lean.TSyntax             (@List.cons.{0} Lean.SyntaxNodeKind (Lean.Name.mkStr1 "term") (@List.nil.{0} Lean.SyntaxNodeKind)) :=           @Lean.TSyntax.mk             (@List.cons.{0} Lean.SyntaxNodeKind (Lean.Name.mkStr1 "term") (@List.nil.{0} Lean.SyntaxNodeKind)) __discr;         have f :           Lean.TSyntax             (@List.cons.{0} Lean.SyntaxNodeKind (Lean.Name.mkStr1 "ident") (@List.nil.{0} Lean.SyntaxNodeKind)) :=           @Lean.TSyntax.mk             (@List.cons.{0} Lean.SyntaxNodeKind (Lean.Name.mkStr1 "ident") (@List.nil.{0} Lean.SyntaxNodeKind))             __discr_1;         @Lean.withRef Lean.PrettyPrinter.UnexpandM           (@ReaderT.instMonad.{0, 0} Lean.Syntax (EStateM.{0} Unit Unit) (@EStateM.instMonad.{0} Unit Unit))           (@Lean.MonadQuotation.toMonadRef Lean.PrettyPrinter.UnexpandM Lean.PrettyPrinter.instMonadQuotationUnexpandM)           Lean.Syntax           (@Lean.TSyntax.raw             (@List.cons.{0} Lean.SyntaxNodeKind (Lean.Name.mkStr1 "ident") (@List.nil.{0} Lean.SyntaxNodeKind)) f)           (@Bind.bind.{0, 0} Lean.PrettyPrinter.UnexpandM             (@Monad.toBind.{0, 0} Lean.PrettyPrinter.UnexpandM               (@ReaderT.instMonad.{0, 0} Lean.Syntax (EStateM.{0} Unit Unit) (@EStateM.instMonad.{0} Unit Unit)))             Lean.SourceInfo Lean.Syntax             (@Lean.MonadRef.mkInfoFromRefPos Lean.PrettyPrinter.UnexpandM               (@ReaderT.instMonad.{0, 0} Lean.Syntax (EStateM.{0} Unit Unit) (@EStateM.instMonad.{0} Unit Unit))               (@Lean.MonadQuotation.toMonadRef Lean.PrettyPrinter.UnexpandM                 Lean.PrettyPrinter.instMonadQuotationUnexpandM))             fun (info : Lean.SourceInfo) =>             @Bind.bind.{0, 0} Lean.PrettyPrinter.UnexpandM               (@Monad.toBind.{0, 0} Lean.PrettyPrinter.UnexpandM                 (@ReaderT.instMonad.{0, 0} Lean.Syntax (EStateM.{0} Unit Unit) (@EStateM.instMonad.{0} Unit Unit)))               Lean.MacroScope Lean.Syntax               (@Lean.MonadQuotation.getCurrMacroScope Lean.PrettyPrinter.UnexpandM                 Lean.PrettyPrinter.instMonadQuotationUnexpandM)               fun (scp : Lean.MacroScope) =>               @Bind.bind.{0, 0} Lean.PrettyPrinter.UnexpandM                 (@Monad.toBind.{0, 0} Lean.PrettyPrinter.UnexpandM                   (@ReaderT.instMonad.{0, 0} Lean.Syntax (EStateM.{0} Unit Unit) (@EStateM.instMonad.{0} Unit Unit)))                 Lean.Name Lean.Syntax                 (@Lean.MonadQuotation.getContext Lean.PrettyPrinter.UnexpandM                   Lean.PrettyPrinter.instMonadQuotationUnexpandM)                 fun (quotCtx : Lean.Name) =>                 @Pure.pure.{0, 0} Lean.PrettyPrinter.UnexpandM                   (@Applicative.toPure.{0, 0} Lean.PrettyPrinter.UnexpandM                     (@ReaderT.instApplicativeOfMonad.{0, 0} Lean.Syntax (EStateM.{0} Unit Unit)                       (@EStateM.instMonad.{0} Unit Unit)))                   Lean.Syntax                   (@Lean.TSyntax.raw                     (@List.cons.{0} Lean.SyntaxNodeKind (Lean.Name.mkStr1 "term") (@List.nil.{0} Lean.SyntaxNodeKind))                     (@Lean.TSyntax.mk                       (@List.cons.{0} Lean.SyntaxNodeKind (Lean.Name.mkStr1 "term") (@List.nil.{0} Lean.SyntaxNodeKind))                       (Lean.Syntax.node3 info (Lean.Name.mkStr2 "«ROOT»" "term_⊕ₛ_")                         (@Lean.TSyntax.raw                           (@List.cons.{0} Lean.SyntaxNodeKind (Lean.Name.mkStr1 "term")                             (@List.nil.{0} Lean.SyntaxNodeKind))                           lhs)                         (Lean.Syntax.atom info " ⊕ₛ ")                         (@Lean.TSyntax.raw                           (@List.cons.{0} Lean.SyntaxNodeKind (Lean.Name.mkStr1 "term")                             (@List.nil.{0} Lean.SyntaxNodeKind))                           rhs))))))         (have __discr : Lean.Syntax :=           Lean.Syntax.getArg __discr (@OfNat.ofNat.{0} Nat (nat_lit 1) (instOfNatNat (nat_lit 1)));         @MonadExcept.throw.{0, 0, 0} Unit Lean.PrettyPrinter.UnexpandM           (@instMonadExceptOfMonadExceptOf.{0, 0, 0} Unit Lean.PrettyPrinter.UnexpandM             (@ReaderT.instMonadExceptOf.{0, 0, 0} Lean.Syntax (EStateM.{0} Unit Unit) Unit               (@EStateM.instMonadExceptOfOfBacktrackable.{0} Unit Unit PUnit.{1} (@EStateM.nonBacktrackable.{0} Unit))))           Lean.Syntax Unit.unit))       (have __discr_2 : Lean.Syntax :=         Lean.Syntax.getArg __discr (@OfNat.ofNat.{0} Nat (nat_lit 0) (instOfNatNat (nat_lit 0)));       have __discr : Lean.Syntax :=         Lean.Syntax.getArg __discr (@OfNat.ofNat.{0} Nat (nat_lit 1) (instOfNatNat (nat_lit 1)));       @MonadExcept.throw.{0, 0, 0} Unit Lean.PrettyPrinter.UnexpandM         (@instMonadExceptOfMonadExceptOf.{0, 0, 0} Unit Lean.PrettyPrinter.UnexpandM           (@ReaderT.instMonadExceptOf.{0, 0, 0} Lean.Syntax (EStateM.{0} Unit Unit) Unit             (@EStateM.instMonadExceptOfOfBacktrackable.{0} Unit Unit PUnit.{1} (@EStateM.nonBacktrackable.{0} Unit))))         Lean.Syntax Unit.unit))     (have __discr : Lean.Syntax := x;     @MonadExcept.throw.{0, 0, 0} Unit Lean.PrettyPrinter.UnexpandM       (@instMonadExceptOfMonadExceptOf.{0, 0, 0} Unit Lean.PrettyPrinter.UnexpandM         (@ReaderT.instMonadExceptOf.{0, 0, 0} Lean.Syntax (EStateM.{0} Unit Unit) Unit           (@EStateM.instMonadExceptOfOfBacktrackable.{0} Unit Unit PUnit.{1} (@EStateM.nonBacktrackable.{0} Unit))))       Lean.Syntax Unit.unit)	
«ROOT».bindAssoc_of_lawful	«ROOT».Algebra.MonadLaws	theorem	u,v	∀ {M : Type u → Type v} [inst : Monad.{u, v} M] [@LawfulMonad.{u, v} M inst], @«ROOT».BindAssoc.{u, v} M inst		
«ROOT».exists_handler_of_isMonadMorphism	«ROOT».Algebra.Universal	theorem	uAns,u_1,u_2	∀ {M : Type uAns → Type u_1} {S : «ROOT».Signature.{u_2, uAns}} [inst : Monad.{uAns, u_1} M]   (map : {A : Type uAns} → «ROOT».Program.{uAns, u_2} S A → M A)   (laws : @«ROOT».IsMonadMorphism.{uAns, u_2, u_1} S M inst fun {A : Type uAns} => @map A),   @Exists.{max (u_1 + 1) (u_2 + 1)} («ROOT».Handler.{uAns, u_2, u_1} S M)     fun (handler : «ROOT».Handler.{uAns, u_2, u_1} S M) =>     ∀ {A : Type uAns} (program : «ROOT».Program.{uAns, u_2} S A),       @Eq.{u_1 + 1} (M A) (@map A program) (@«ROOT».interpret.{uAns, u_1, u_2} M S A inst handler program)		Quot.sound,propext
«ROOT».handler_eq_of_interpret_eq	«ROOT».Algebra.Universal	theorem	uAns,u_1,u_2	∀ {M : Type uAns → Type u_1} {S : «ROOT».Signature.{u_2, uAns}} [inst : Monad.{uAns, u_1} M]   (rightUnit : @«ROOT».RightUnit.{uAns, u_1} M inst) {left right : «ROOT».Handler.{uAns, u_2, u_1} S M}   (equal :     ∀ {A : Type uAns} (program : «ROOT».Program.{uAns, u_2} S A),       @Eq.{u_1 + 1} (M A) (@«ROOT».interpret.{uAns, u_1, u_2} M S A inst left program)         (@«ROOT».interpret.{uAns, u_1, u_2} M S A inst right program)),   @Eq.{max (u_1 + 1) (u_2 + 1)} («ROOT».Handler.{uAns, u_2, u_1} S M) left right		Quot.sound
«ROOT».handler_eq_of_interpret_operation_eq	«ROOT».Algebra.Universal	theorem	u_1,u_2,u_3	∀ {M : Type u_1 → Type u_2} {S : «ROOT».Signature.{u_3, u_1}} [inst : Monad.{u_1, u_2} M]   (rightUnit : @«ROOT».RightUnit.{u_1, u_2} M inst) {left right : «ROOT».Handler.{u_1, u_3, u_2} S M}   (equal :     ∀ (operation : «ROOT».Signature.Op.{u_3, u_1} S),       @Eq.{u_2 + 1} (M («ROOT».Signature.Answer.{u_3, u_1} S operation))         (@«ROOT».interpret.{u_1, u_2, u_3} M S («ROOT».Signature.Answer.{u_3, u_1} S operation) inst left           (@«ROOT».Program.perform.{u_3, u_1} S operation))         (@«ROOT».interpret.{u_1, u_2, u_3} M S («ROOT».Signature.Answer.{u_3, u_1} S operation) inst right           (@«ROOT».Program.perform.{u_3, u_1} S operation))),   @Eq.{max (u_2 + 1) (u_3 + 1)} («ROOT».Handler.{u_1, u_3, u_2} S M) left right		Quot.sound
«ROOT».identityHandler	«ROOT».Algebra.Laws	def	u_1,u_2	{S : «ROOT».Signature.{u_1, u_2}} → «ROOT».Handler.{u_2, u_1, max u_1 u_2} S («ROOT».Program.{u_2, u_1} S)	fun {S : «ROOT».Signature.{u_1, u_2}} =>   @«ROOT».Handler.mk.{u_2, u_1, max u_1 u_2} S («ROOT».Program.{u_2, u_1} S)     fun (operation : «ROOT».Signature.Op.{u_1, u_2} S) => @«ROOT».Program.perform.{u_1, u_2} S operation	
«ROOT».identityHandler.eq_1	«ROOT».Algebra.Sum	theorem	u_1,u_2	∀ {S : «ROOT».Signature.{u_1, u_2}},   @Eq.{max (u_1 + 1) ((max u_1 u_2) + 1)} («ROOT».Handler.{u_2, u_1, max u_1 u_2} S («ROOT».Program.{u_2, u_1} S))     (@«ROOT».identityHandler.{u_1, u_2} S)     (@«ROOT».Handler.mk.{u_2, u_1, max u_1 u_2} S («ROOT».Program.{u_2, u_1} S)       fun (operation : «ROOT».Signature.Op.{u_1, u_2} S) => @«ROOT».Program.perform.{u_1, u_2} S operation)		
«ROOT».injectionHandlers_sum	«ROOT».Algebra.Sum	theorem	u_1,u_2,u_3	∀ {S : «ROOT».Signature.{u_1, u_2}} {T : «ROOT».Signature.{u_3, u_2}},   @Eq.{max (max (u_3 + 1) (u_1 + 1)) (u_2 + 1)}     («ROOT».Handler.{u_2, max u_3 u_1, max (max u_3 u_2) u_1} («ROOT».Signature.sum.{u_2, u_1, u_3} S T)       («ROOT».Program.{u_2, max u_3 u_1} («ROOT».Signature.sum.{u_2, u_1, u_3} S T)))     (@«ROOT».Handler.sum.{u_1, u_2, max (max u_3 u_2) u_1, u_3} S       («ROOT».Program.{u_2, max u_3 u_1} («ROOT».Signature.sum.{u_2, u_1, u_3} S T)) T       (@«ROOT».leftInjectionHandler.{u_1, u_2, u_3} S T) (@«ROOT».rightInjectionHandler.{u_3, u_2, u_1} T S))     (@«ROOT».identityHandler.{max u_3 u_1, u_2} («ROOT».Signature.sum.{u_2, u_1, u_3} S T))		Quot.sound,propext
«ROOT».injectionHandlers_sum.match_1_1	«ROOT».Algebra.Sum	def	u_1,u_2,u_3	∀ {S : «ROOT».Signature.{u_1, u_3}} {T : «ROOT».Signature.{u_2, u_3}}   (motive : «ROOT».Signature.Op.{max u_1 u_2, u_3} («ROOT».Signature.sum.{u_3, u_1, u_2} S T) → Prop)   (operation : «ROOT».Signature.Op.{max u_1 u_2, u_3} («ROOT».Signature.sum.{u_3, u_1, u_2} S T))   (h_1 :     ∀ (val : «ROOT».Signature.Op.{u_1, u_3} S),       motive (@Sum.inl.{u_1, u_2} («ROOT».Signature.Op.{u_1, u_3} S) («ROOT».Signature.Op.{u_2, u_3} T) val))   (h_2 :     ∀ (val : «ROOT».Signature.Op.{u_2, u_3} T),       motive (@Sum.inr.{u_1, u_2} («ROOT».Signature.Op.{u_1, u_3} S) («ROOT».Signature.Op.{u_2, u_3} T) val)),   motive operation	fun {S : «ROOT».Signature.{u_1, u_3}} {T : «ROOT».Signature.{u_2, u_3}}     (motive : «ROOT».Signature.Op.{max u_1 u_2, u_3} («ROOT».Signature.sum.{u_3, u_1, u_2} S T) → Prop)     (operation : «ROOT».Signature.Op.{max u_1 u_2, u_3} («ROOT».Signature.sum.{u_3, u_1, u_2} S T))     (h_1 :       ∀ (val : «ROOT».Signature.Op.{u_1, u_3} S),         motive (@Sum.inl.{u_1, u_2} («ROOT».Signature.Op.{u_1, u_3} S) («ROOT».Signature.Op.{u_2, u_3} T) val))     (h_2 :       ∀ (val : «ROOT».Signature.Op.{u_2, u_3} T),         motive (@Sum.inr.{u_1, u_2} («ROOT».Signature.Op.{u_1, u_3} S) («ROOT».Signature.Op.{u_2, u_3} T) val)) =>   @Sum.casesOn.{0, u_1, u_2} («ROOT».Signature.Op.{u_1, u_3} S) («ROOT».Signature.Op.{u_2, u_3} T)     (fun (x : «ROOT».Signature.Op.{max u_1 u_2, u_3} («ROOT».Signature.sum.{u_3, u_1, u_2} S T)) => motive x)     operation (fun (val : «ROOT».Signature.Op.{u_1, u_3} S) => h_1 val)     fun (val : «ROOT».Signature.Op.{u_2, u_3} T) => h_2 val	
«ROOT».instLawfulMonadProgram	«ROOT».Algebra.Laws	theorem	u_1,u_2	∀ {S : «ROOT».Signature.{u_1, u_2}},   @LawfulMonad.{u_2, max u_1 u_2} («ROOT».Program.{u_2, u_1} S) (@«ROOT».Program.instMonad.{u_1, u_2} S)		Quot.sound,propext
«ROOT».interpret	«ROOT».Algebra.Handler	def	u_1,u_2,u_3	{M : Type u_1 → Type u_2} →   {S : «ROOT».Signature.{u_3, u_1}} →     {A : Type u_1} →       [Monad.{u_1, u_2} M] → (handler : «ROOT».Handler.{u_1, u_3, u_2} S M) → «ROOT».Program.{u_1, u_3} S A → M A	fun {M : Type u_1 → Type u_2} {S : «ROOT».Signature.{u_3, u_1}} {A : Type u_1} [inst : Monad.{u_1, u_2} M]     (handler : «ROOT».Handler.{u_1, u_3, u_2} S M) (x : «ROOT».Program.{u_1, u_3} S A) =>   @«ROOT».Program.brecOn.{u_2 + 1, u_1, u_3} S A (fun (x : «ROOT».Program.{u_1, u_3} S A) => M A) x     (@«ROOT».interpret._f.{u_1, u_2, u_3} M S A inst handler)	
«ROOT».interpret._f	«ROOT».Algebra.Handler	def	u_1,u_2,u_3	{M : Type u_1 → Type u_2} →   {S : «ROOT».Signature.{u_3, u_1}} →     {A : Type u_1} →       [Monad.{u_1, u_2} M] →         (handler : «ROOT».Handler.{u_1, u_3, u_2} S M) →           (x : «ROOT».Program.{u_1, u_3} S A) →             (f : @«ROOT».Program.below.{u_2 + 1, u_1, u_3} S A (fun (x : «ROOT».Program.{u_1, u_3} S A) => M A) x) →               M A	fun {M : Type u_1 → Type u_2} {S : «ROOT».Signature.{u_3, u_1}} {A : Type u_1} [inst : Monad.{u_1, u_2} M]     (handler : «ROOT».Handler.{u_1, u_3, u_2} S M) (x : «ROOT».Program.{u_1, u_3} S A)     (f : @«ROOT».Program.below.{u_2 + 1, u_1, u_3} S A (fun (x : «ROOT».Program.{u_1, u_3} S A) => M A) x) =>   @«ROOT».interpret.match_1.{u_1, u_3, max (max (u_1 + 1) (u_2 + 1)) (u_3 + 1)} S A     (fun (x : «ROOT».Program.{u_1, u_3} S A) =>       @«ROOT».Program.below.{u_2 + 1, u_1, u_3} S A (fun (x : «ROOT».Program.{u_1, u_3} S A) => M A) x → M A)     x     (fun (value : A)         (x :           @«ROOT».Program.below.{u_2 + 1, u_1, u_3} S A (fun (x : «ROOT».Program.{u_1, u_3} S A) => M A)             (@«ROOT».Program.pure.{u_1, u_3} S A value)) =>       @Pure.pure.{u_1, u_2} M (@Applicative.toPure.{u_1, u_2} M (@Monad.toApplicative.{u_1, u_2} M inst)) A value)     (fun (operation : «ROOT».Signature.Op.{u_3, u_1} S)         (next : «ROOT».Signature.Answer.{u_3, u_1} S operation → «ROOT».Program.{u_1, u_3} S A)         (x :           @«ROOT».Program.below.{u_2 + 1, u_1, u_3} S A (fun (x : «ROOT».Program.{u_1, u_3} S A) => M A)             (@«ROOT».Program.vis.{u_1, u_3} S A operation next)) =>       @Bind.bind.{u_1, u_2} M (@Monad.toBind.{u_1, u_2} M inst) («ROOT».Signature.Answer.{u_3, u_1} S operation) A         (@«ROOT».Handler.handle.{u_1, u_3, u_2} S M handler operation)         fun (answer : «ROOT».Signature.Answer.{u_3, u_1} S operation) => (x answer).1)     f	
«ROOT».interpret._sunfold	«ROOT».Algebra.Handler	def	u_1,u_2,u_3	{M : Type u_1 → Type u_2} →   {S : «ROOT».Signature.{u_3, u_1}} →     {A : Type u_1} →       [Monad.{u_1, u_2} M] → (handler : «ROOT».Handler.{u_1, u_3, u_2} S M) → «ROOT».Program.{u_1, u_3} S A → M A	fun {M : Type u_1 → Type u_2} {S : «ROOT».Signature.{u_3, u_1}} {A : Type u_1} [inst : Monad.{u_1, u_2} M]     (handler : «ROOT».Handler.{u_1, u_3, u_2} S M) (x : «ROOT».Program.{u_1, u_3} S A) =>   @«ROOT».interpret.match_1.{u_1, u_3, u_2 + 1} S A (fun (x : «ROOT».Program.{u_1, u_3} S A) => M A) x     (fun (value : A) =>       @Pure.pure.{u_1, u_2} M (@Applicative.toPure.{u_1, u_2} M (@Monad.toApplicative.{u_1, u_2} M inst)) A value)     fun (operation : «ROOT».Signature.Op.{u_3, u_1} S)       (next : «ROOT».Signature.Answer.{u_3, u_1} S operation → «ROOT».Program.{u_1, u_3} S A) =>     @Bind.bind.{u_1, u_2} M (@Monad.toBind.{u_1, u_2} M inst) («ROOT».Signature.Answer.{u_3, u_1} S operation) A       (@«ROOT».Handler.handle.{u_1, u_3, u_2} S M handler operation)       fun (answer : «ROOT».Signature.Answer.{u_3, u_1} S operation) =>       @«ROOT».interpret.{u_1, u_2, u_3} M S A inst handler (next answer)	
«ROOT».interpret._unsafe_rec	«ROOT».Algebra.Handler	def	u_1,u_2,u_3	{M : Type u_1 → Type u_2} →   {S : «ROOT».Signature.{u_3, u_1}} →     {A : Type u_1} →       [Monad.{u_1, u_2} M] → (handler : «ROOT».Handler.{u_1, u_3, u_2} S M) → «ROOT».Program.{u_1, u_3} S A → M A	fun {M : Type u_1 → Type u_2} {S : «ROOT».Signature.{u_3, u_1}} {A : Type u_1} [inst : Monad.{u_1, u_2} M]     (handler : «ROOT».Handler.{u_1, u_3, u_2} S M) (x : «ROOT».Program.{u_1, u_3} S A) =>   @«ROOT».interpret.match_1.{u_1, u_3, u_2 + 1} S A (fun (x : «ROOT».Program.{u_1, u_3} S A) => M A) x     (fun (value : A) =>       @Pure.pure.{u_1, u_2} M (@Applicative.toPure.{u_1, u_2} M (@Monad.toApplicative.{u_1, u_2} M inst)) A value)     fun (operation : «ROOT».Signature.Op.{u_3, u_1} S)       (next : «ROOT».Signature.Answer.{u_3, u_1} S operation → «ROOT».Program.{u_1, u_3} S A) =>     @Bind.bind.{u_1, u_2} M (@Monad.toBind.{u_1, u_2} M inst) («ROOT».Signature.Answer.{u_3, u_1} S operation) A       (@«ROOT».Handler.handle.{u_1, u_3, u_2} S M handler operation)       fun (answer : «ROOT».Signature.Answer.{u_3, u_1} S operation) =>       @«ROOT».interpret._unsafe_rec.{u_1, u_2, u_3} M S A inst handler (next answer)	
«ROOT».interpret.eq_1	«ROOT».Algebra.Laws	theorem	u_1,u_2,u_3	∀ {M : Type u_1 → Type u_2} {S : «ROOT».Signature.{u_3, u_1}} {A : Type u_1} [inst : Monad.{u_1, u_2} M]   (handler : «ROOT».Handler.{u_1, u_3, u_2} S M) (value : A),   @Eq.{u_2 + 1} (M A)     (@«ROOT».interpret.{u_1, u_2, u_3} M S A inst handler (@«ROOT».Program.pure.{u_1, u_3} S A value))     (@Pure.pure.{u_1, u_2} M (@Applicative.toPure.{u_1, u_2} M (@Monad.toApplicative.{u_1, u_2} M inst)) A value)		
«ROOT».interpret.eq_2	«ROOT».Algebra.Laws	theorem	u_1,u_2,u_3	∀ {M : Type u_1 → Type u_2} {S : «ROOT».Signature.{u_3, u_1}} {A : Type u_1} [inst : Monad.{u_1, u_2} M]   (handler : «ROOT».Handler.{u_1, u_3, u_2} S M) (operation : «ROOT».Signature.Op.{u_3, u_1} S)   (next : «ROOT».Signature.Answer.{u_3, u_1} S operation → «ROOT».Program.{u_1, u_3} S A),   @Eq.{u_2 + 1} (M A)     (@«ROOT».interpret.{u_1, u_2, u_3} M S A inst handler (@«ROOT».Program.vis.{u_1, u_3} S A operation next))     (@Bind.bind.{u_1, u_2} M (@Monad.toBind.{u_1, u_2} M inst) («ROOT».Signature.Answer.{u_3, u_1} S operation) A       (@«ROOT».Handler.handle.{u_1, u_3, u_2} S M handler operation)       fun (answer : «ROOT».Signature.Answer.{u_3, u_1} S operation) =>       @«ROOT».interpret.{u_1, u_2, u_3} M S A inst handler (next answer))		
«ROOT».interpret.eq_def	«ROOT».Algebra.Laws	theorem	u_1,u_2,u_3	∀ {M : Type u_1 → Type u_2} {S : «ROOT».Signature.{u_3, u_1}} {A : Type u_1} [inst : Monad.{u_1, u_2} M]   (handler : «ROOT».Handler.{u_1, u_3, u_2} S M) (x : «ROOT».Program.{u_1, u_3} S A),   @Eq.{u_2 + 1} (M A) (@«ROOT».interpret.{u_1, u_2, u_3} M S A inst handler x)     (@«ROOT».interpret.match_1.{u_1, u_3, u_2 + 1} S A (fun (x : «ROOT».Program.{u_1, u_3} S A) => M A) x       (fun (value : A) =>         @Pure.pure.{u_1, u_2} M (@Applicative.toPure.{u_1, u_2} M (@Monad.toApplicative.{u_1, u_2} M inst)) A value)       fun (operation : «ROOT».Signature.Op.{u_3, u_1} S)         (next : «ROOT».Signature.Answer.{u_3, u_1} S operation → «ROOT».Program.{u_1, u_3} S A) =>       @Bind.bind.{u_1, u_2} M (@Monad.toBind.{u_1, u_2} M inst) («ROOT».Signature.Answer.{u_3, u_1} S operation) A         (@«ROOT».Handler.handle.{u_1, u_3, u_2} S M handler operation)         fun (answer : «ROOT».Signature.Answer.{u_3, u_1} S operation) =>         @«ROOT».interpret.{u_1, u_2, u_3} M S A inst handler (next answer))		
«ROOT».interpret.match_1	«ROOT».Algebra.Handler	def	u_1,u_2,u_3	{S : «ROOT».Signature.{u_2, u_1}} →   {A : Type u_1} →     (motive : «ROOT».Program.{u_1, u_2} S A → Sort u_3) →       (x : «ROOT».Program.{u_1, u_2} S A) →         (h_1 : (value : A) → motive (@«ROOT».Program.pure.{u_1, u_2} S A value)) →           (h_2 :               (operation : «ROOT».Signature.Op.{u_2, u_1} S) →                 (next : «ROOT».Signature.Answer.{u_2, u_1} S operation → «ROOT».Program.{u_1, u_2} S A) →                   motive (@«ROOT».Program.vis.{u_1, u_2} S A operation next)) →             motive x	fun {S : «ROOT».Signature.{u_2, u_1}} {A : Type u_1} (motive : «ROOT».Program.{u_1, u_2} S A → Sort u_3)     (x : «ROOT».Program.{u_1, u_2} S A) (h_1 : (value : A) → motive (@«ROOT».Program.pure.{u_1, u_2} S A value))     (h_2 :       (operation : «ROOT».Signature.Op.{u_2, u_1} S) →         (next : «ROOT».Signature.Answer.{u_2, u_1} S operation → «ROOT».Program.{u_1, u_2} S A) →           motive (@«ROOT».Program.vis.{u_1, u_2} S A operation next)) =>   @«ROOT».Program.casesOn.{u_3, u_1, u_2} S A (fun (x : «ROOT».Program.{u_1, u_2} S A) => motive x) x     (fun (value : A) => h_1 value)     fun (operation : «ROOT».Signature.Op.{u_2, u_1} S)       (next : «ROOT».Signature.Answer.{u_2, u_1} S operation → «ROOT».Program.{u_1, u_2} S A) =>     h_2 operation next	
«ROOT».interpret_bind	«ROOT».Algebra.Laws	theorem	u_1,u_2,u_3	∀ {M : Type u_1 → Type u_2} {S : «ROOT».Signature.{u_3, u_1}} {A B : Type u_1} [inst : Monad.{u_1, u_2} M]   [@LawfulMonad.{u_1, u_2} M inst] (handler : «ROOT».Handler.{u_1, u_3, u_2} S M)   (program : «ROOT».Program.{u_1, u_3} S A) (next : A → «ROOT».Program.{u_1, u_3} S B),   @Eq.{u_2 + 1} (M B)     (@«ROOT».interpret.{u_1, u_2, u_3} M S B inst handler (@«ROOT».Program.bind.{u_3, u_1} S A B program next))     (@Bind.bind.{u_1, u_2} M (@Monad.toBind.{u_1, u_2} M inst) A B       (@«ROOT».interpret.{u_1, u_2, u_3} M S A inst handler program) fun (value : A) =>       @«ROOT».interpret.{u_1, u_2, u_3} M S B inst handler (next value))		Quot.sound,propext
«ROOT».interpret_bind_of_equations	«ROOT».Algebra.Laws	theorem	u_1,u_2,u_3	∀ {M : Type u_1 → Type u_2} {S : «ROOT».Signature.{u_3, u_1}} {A B : Type u_1} [inst : Monad.{u_1, u_2} M]   (leftUnit : @«ROOT».LeftUnit.{u_1, u_2} M inst) (assoc : @«ROOT».BindAssoc.{u_1, u_2} M inst)   (handler : «ROOT».Handler.{u_1, u_3, u_2} S M) (program : «ROOT».Program.{u_1, u_3} S A)   (next : A → «ROOT».Program.{u_1, u_3} S B),   @Eq.{u_2 + 1} (M B)     (@«ROOT».interpret.{u_1, u_2, u_3} M S B inst handler (@«ROOT».Program.bind.{u_3, u_1} S A B program next))     (@Bind.bind.{u_1, u_2} M (@Monad.toBind.{u_1, u_2} M inst) A B       (@«ROOT».interpret.{u_1, u_2, u_3} M S A inst handler program) fun (value : A) =>       @«ROOT».interpret.{u_1, u_2, u_3} M S B inst handler (next value))		Quot.sound,propext
«ROOT».interpret_identity	«ROOT».Algebra.Laws	theorem	u_1,u_2	∀ {S : «ROOT».Signature.{u_1, u_2}} {A : Type u_2} (program : «ROOT».Program.{u_2, u_1} S A),   @Eq.{max (u_1 + 1) (u_2 + 1)} («ROOT».Program.{u_2, u_1} S A)     (@«ROOT».interpret.{u_2, max u_2 u_1, u_1} («ROOT».Program.{u_2, u_1} S) S A       (@«ROOT».Program.instMonad.{u_1, u_2} S) (@«ROOT».identityHandler.{u_1, u_2} S) program)     program		Quot.sound
«ROOT».interpret_inhabits_the_pin	«ROOT».Algebra.Universal	theorem	u_1,u_2,u_3	∀ {M : Type u_1 → Type u_2} {S : «ROOT».Signature.{u_3, u_1}} [inst : Monad.{u_1, u_2} M]   (leftUnit : @«ROOT».LeftUnit.{u_1, u_2} M inst) (assoc : @«ROOT».BindAssoc.{u_1, u_2} M inst)   (rightUnit : @«ROOT».RightUnit.{u_1, u_2} M inst),   And     (∀ (handler : «ROOT».Handler.{u_1, u_3, u_2} S M),       @«ROOT».IsMonadMorphism.{u_1, u_3, u_2} S (fun {_A : Type u_1} => M _A) inst         fun {_A : Type u_1} (program : «ROOT».Program.{u_1, u_3} S _A) =>         @«ROOT».interpret.{u_1, u_2, u_3} M S _A inst handler program)     (∀ (handler : «ROOT».Handler.{u_1, u_3, u_2} S M) (operation : «ROOT».Signature.Op.{u_3, u_1} S),       @Eq.{u_2 + 1} (M («ROOT».Signature.Answer.{u_3, u_1} S operation))         (@«ROOT».interpret.{u_1, u_2, u_3} M S («ROOT».Signature.Answer.{u_3, u_1} S operation) inst handler           (@«ROOT».Program.perform.{u_3, u_1} S operation))         (@«ROOT».Handler.handle.{u_1, u_3, u_2} S M handler operation))		Quot.sound,propext
«ROOT».interpret_inl	«ROOT».Algebra.Sum	theorem	u_1,u_2,u_3,u_4	∀ {M : Type u_1 → Type u_2} {S : «ROOT».Signature.{u_3, u_1}} {T : «ROOT».Signature.{u_4, u_1}} {A : Type u_1}   [inst : Monad.{u_1, u_2} M] (left : «ROOT».Handler.{u_1, u_3, u_2} S M) (right : «ROOT».Handler.{u_1, u_4, u_2} T M)   (program : «ROOT».Program.{u_1, u_3} S A),   @Eq.{u_2 + 1} (M A)     (@«ROOT».interpret.{u_1, u_2, max u_3 u_4} M («ROOT».Signature.sum.{u_1, u_3, u_4} S T) A inst       (@«ROOT».Handler.sum.{u_3, u_1, u_2, u_4} S M T left right) (@«ROOT».Program.inl.{u_3, u_1, u_4} S A T program))     (@«ROOT».interpret.{u_1, u_2, u_3} M S A inst left program)		Quot.sound,propext
«ROOT».interpret_inr	«ROOT».Algebra.Sum	theorem	u_1,u_2,u_3,u_4	∀ {M : Type u_1 → Type u_2} {S : «ROOT».Signature.{u_3, u_1}} {T : «ROOT».Signature.{u_4, u_1}} {A : Type u_1}   [inst : Monad.{u_1, u_2} M] (left : «ROOT».Handler.{u_1, u_3, u_2} S M) (right : «ROOT».Handler.{u_1, u_4, u_2} T M)   (program : «ROOT».Program.{u_1, u_4} T A),   @Eq.{u_2 + 1} (M A)     (@«ROOT».interpret.{u_1, u_2, max u_3 u_4} M («ROOT».Signature.sum.{u_1, u_3, u_4} S T) A inst       (@«ROOT».Handler.sum.{u_3, u_1, u_2, u_4} S M T left right) (@«ROOT».Program.inr.{u_4, u_1, u_3} T A S program))     (@«ROOT».interpret.{u_1, u_2, u_4} M T A inst right program)		Quot.sound,propext
«ROOT».interpret_isMonadMorphism	«ROOT».Algebra.Universal	theorem	u_1,u_2,u_3	∀ {M : Type u_1 → Type u_2} {S : «ROOT».Signature.{u_3, u_1}} [inst : Monad.{u_1, u_2} M]   [@LawfulMonad.{u_1, u_2} M inst] (handler : «ROOT».Handler.{u_1, u_3, u_2} S M),   @«ROOT».IsMonadMorphism.{u_1, u_3, u_2} S (fun {_A : Type u_1} => M _A) inst     fun {_A : Type u_1} (program : «ROOT».Program.{u_1, u_3} S _A) =>     @«ROOT».interpret.{u_1, u_2, u_3} M S _A inst handler program		Quot.sound,propext
«ROOT».interpret_isMonadMorphism_of_equations	«ROOT».Algebra.Universal	theorem	u_1,u_2,u_3	∀ {M : Type u_1 → Type u_2} {S : «ROOT».Signature.{u_3, u_1}} [inst : Monad.{u_1, u_2} M]   (leftUnit : @«ROOT».LeftUnit.{u_1, u_2} M inst) (assoc : @«ROOT».BindAssoc.{u_1, u_2} M inst)   (handler : «ROOT».Handler.{u_1, u_3, u_2} S M),   @«ROOT».IsMonadMorphism.{u_1, u_3, u_2} S (fun {_A : Type u_1} => M _A) inst     fun {_A : Type u_1} (program : «ROOT».Program.{u_1, u_3} S _A) =>     @«ROOT».interpret.{u_1, u_2, u_3} M S _A inst handler program		Quot.sound,propext
«ROOT».interpret_leftInjectionHandler	«ROOT».Algebra.Sum	theorem	u_1,u_2,u_3	∀ {S : «ROOT».Signature.{u_1, u_2}} {A : Type u_2} {T : «ROOT».Signature.{u_3, u_2}}   (program : «ROOT».Program.{u_2, u_1} S A),   @Eq.{max (max (u_1 + 1) (u_2 + 1)) (u_3 + 1)}     («ROOT».Program.{u_2, max u_3 u_1} («ROOT».Signature.sum.{u_2, u_1, u_3} S T) A)     (@«ROOT».interpret.{u_2, max (max u_1 u_2) u_3, u_1}       («ROOT».Program.{u_2, max u_3 u_1} («ROOT».Signature.sum.{u_2, u_1, u_3} S T)) S A       (@«ROOT».Program.instMonad.{max u_1 u_3, u_2} («ROOT».Signature.sum.{u_2, u_1, u_3} S T))       (@«ROOT».leftInjectionHandler.{u_1, u_2, u_3} S T) program)     (@«ROOT».Program.inl.{u_1, u_2, u_3} S A T program)		Quot.sound
«ROOT».interpret_of_isMonadMorphism	«ROOT».Algebra.Universal	theorem	uAns,u_1,u_2	∀ {M : Type uAns → Type u_1} {S : «ROOT».Signature.{u_2, uAns}} {A : Type uAns} [inst : Monad.{uAns, u_1} M]   (map : {A : Type uAns} → «ROOT».Program.{uAns, u_2} S A → M A)   (laws : @«ROOT».IsMonadMorphism.{uAns, u_2, u_1} S M inst fun {A : Type uAns} => @map A)   (program : «ROOT».Program.{uAns, u_2} S A),   @Eq.{u_1 + 1} (M A) (@map A program)     (@«ROOT».interpret.{uAns, u_1, u_2} M S A inst       (@«ROOT».Handler.mk.{uAns, u_2, u_1} S M fun (operation : «ROOT».Signature.Op.{u_2, uAns} S) =>         @map («ROOT».Signature.Answer.{u_2, uAns} S operation) (@«ROOT».Program.perform.{u_2, uAns} S operation))       program)		Quot.sound,propext
«ROOT».interpret_perform	«ROOT».Algebra.Laws	theorem	u_1,u_2,u_3	∀ {M : Type u_1 → Type u_2} {S : «ROOT».Signature.{u_3, u_1}} [inst : Monad.{u_1, u_2} M]   [@LawfulMonad.{u_1, u_2} M inst] (handler : «ROOT».Handler.{u_1, u_3, u_2} S M)   (operation : «ROOT».Signature.Op.{u_3, u_1} S),   @Eq.{u_2 + 1} (M («ROOT».Signature.Answer.{u_3, u_1} S operation))     (@«ROOT».interpret.{u_1, u_2, u_3} M S («ROOT».Signature.Answer.{u_3, u_1} S operation) inst handler       (@«ROOT».Program.perform.{u_3, u_1} S operation))     (@«ROOT».Handler.handle.{u_1, u_3, u_2} S M handler operation)		
«ROOT».interpret_perform_of_rightUnit	«ROOT».Algebra.Universal	theorem	u_1,u_2,u_3	∀ {M : Type u_1 → Type u_2} {S : «ROOT».Signature.{u_3, u_1}} [inst : Monad.{u_1, u_2} M]   (rightUnit : @«ROOT».RightUnit.{u_1, u_2} M inst) (handler : «ROOT».Handler.{u_1, u_3, u_2} S M)   (operation : «ROOT».Signature.Op.{u_3, u_1} S),   @Eq.{u_2 + 1} (M («ROOT».Signature.Answer.{u_3, u_1} S operation))     (@«ROOT».interpret.{u_1, u_2, u_3} M S («ROOT».Signature.Answer.{u_3, u_1} S operation) inst handler       (@«ROOT».Program.perform.{u_3, u_1} S operation))     (@«ROOT».Handler.handle.{u_1, u_3, u_2} S M handler operation)		
«ROOT».interpret_pinned	«ROOT».Algebra.Universal	theorem	uAns,u_1,u_2	∀ {M : Type uAns → Type u_1} {S : «ROOT».Signature.{u_2, uAns}} {A : Type uAns} [inst : Monad.{uAns, u_1} M]   (candidate : «ROOT».Handler.{uAns, u_2, u_1} S M → {A : Type uAns} → «ROOT».Program.{uAns, u_2} S A → M A)   (morphism :     ∀ (handler : «ROOT».Handler.{uAns, u_2, u_1} S M),       @«ROOT».IsMonadMorphism.{uAns, u_2, u_1} S (fun {_A : Type uAns} => M _A) inst         fun {_A : Type uAns} (program : «ROOT».Program.{uAns, u_2} S _A) => @candidate handler _A program)   (operations :     ∀ (handler : «ROOT».Handler.{uAns, u_2, u_1} S M) (operation : «ROOT».Signature.Op.{u_2, uAns} S),       @Eq.{u_1 + 1} (M («ROOT».Signature.Answer.{u_2, uAns} S operation))         (@candidate handler («ROOT».Signature.Answer.{u_2, uAns} S operation)           (@«ROOT».Program.perform.{u_2, uAns} S operation))         (@«ROOT».Handler.handle.{uAns, u_2, u_1} S M handler operation))   (handler : «ROOT».Handler.{uAns, u_2, u_1} S M) (program : «ROOT».Program.{uAns, u_2} S A),   @Eq.{u_1 + 1} (M A) (@candidate handler A program) (@«ROOT».interpret.{uAns, u_1, u_2} M S A inst handler program)		Quot.sound,propext
«ROOT».interpret_pure	«ROOT».Algebra.Laws	theorem	u_1,u_2,u_3	∀ {M : Type u_1 → Type u_2} {S : «ROOT».Signature.{u_3, u_1}} {A : Type u_1} [inst : Monad.{u_1, u_2} M]   (handler : «ROOT».Handler.{u_1, u_3, u_2} S M) (value : A),   @Eq.{u_2 + 1} (M A)     (@«ROOT».interpret.{u_1, u_2, u_3} M S A inst handler (@«ROOT».Program.pure.{u_1, u_3} S A value))     (@Pure.pure.{u_1, u_2} M (@Applicative.toPure.{u_1, u_2} M (@Monad.toApplicative.{u_1, u_2} M inst)) A value)		
«ROOT».interpret_rightInjectionHandler	«ROOT».Algebra.Sum	theorem	u_1,u_2,u_3	∀ {T : «ROOT».Signature.{u_1, u_2}} {A : Type u_2} {S : «ROOT».Signature.{u_3, u_2}}   (program : «ROOT».Program.{u_2, u_1} T A),   @Eq.{max (max (u_1 + 1) (u_2 + 1)) (u_3 + 1)}     («ROOT».Program.{u_2, max u_1 u_3} («ROOT».Signature.sum.{u_2, u_3, u_1} S T) A)     (@«ROOT».interpret.{u_2, max (max u_1 u_2) u_3, u_1}       («ROOT».Program.{u_2, max u_1 u_3} («ROOT».Signature.sum.{u_2, u_3, u_1} S T)) T A       (@«ROOT».Program.instMonad.{max u_1 u_3, u_2} («ROOT».Signature.sum.{u_2, u_3, u_1} S T))       (@«ROOT».rightInjectionHandler.{u_1, u_2, u_3} T S) program)     (@«ROOT».Program.inr.{u_1, u_2, u_3} T A S program)		Quot.sound
«ROOT».interpret_through	«ROOT».Algebra.Handler.Composition	theorem	u_1,u_2,u_3,u_4	∀ {M : Type u_1 → Type u_2} {S : «ROOT».Signature.{u_3, u_1}} {T : «ROOT».Signature.{u_4, u_1}} {A : Type u_1}   [inst : Monad.{u_1, u_2} M] [@LawfulMonad.{u_1, u_2} M inst]   (upper : «ROOT».Handler.{u_1, u_3, max u_4 u_1} S («ROOT».Program.{u_1, u_4} T))   (lower : «ROOT».Handler.{u_1, u_4, u_2} T M) (program : «ROOT».Program.{u_1, u_3} S A),   @Eq.{u_2 + 1} (M A)     (@«ROOT».interpret.{u_1, u_2, u_4} M T A inst lower       (@«ROOT».interpret.{u_1, max u_1 u_4, u_3} («ROOT».Program.{u_1, u_4} T) S A         (@«ROOT».Program.instMonad.{u_4, u_1} T) upper program))     (@«ROOT».interpret.{u_1, u_2, u_3} M S A inst       (@«ROOT».Handler.through.{u_1, u_2, u_3, u_4} M S T inst upper lower) program)		Quot.sound,propext
«ROOT».interpret_through_of_equations	«ROOT».Algebra.Handler.Composition	theorem	u_1,u_2,u_3,u_4	∀ {M : Type u_1 → Type u_2} {S : «ROOT».Signature.{u_3, u_1}} {T : «ROOT».Signature.{u_4, u_1}} {A : Type u_1}   [inst : Monad.{u_1, u_2} M] (leftUnit : @«ROOT».LeftUnit.{u_1, u_2} M inst)   (assoc : @«ROOT».BindAssoc.{u_1, u_2} M inst)   (upper : «ROOT».Handler.{u_1, u_3, max u_4 u_1} S («ROOT».Program.{u_1, u_4} T))   (lower : «ROOT».Handler.{u_1, u_4, u_2} T M) (program : «ROOT».Program.{u_1, u_3} S A),   @Eq.{u_2 + 1} (M A)     (@«ROOT».interpret.{u_1, u_2, u_4} M T A inst lower       (@«ROOT».interpret.{u_1, max u_1 u_4, u_3} («ROOT».Program.{u_1, u_4} T) S A         (@«ROOT».Program.instMonad.{u_4, u_1} T) upper program))     (@«ROOT».interpret.{u_1, u_2, u_3} M S A inst       (@«ROOT».Handler.through.{u_1, u_2, u_3, u_4} M S T inst upper lower) program)		Quot.sound,propext
«ROOT».interpret_vis	«ROOT».Algebra.Laws	theorem	u_1,u_2,u_3	∀ {M : Type u_1 → Type u_2} {S : «ROOT».Signature.{u_3, u_1}} {A : Type u_1} [inst : Monad.{u_1, u_2} M]   (handler : «ROOT».Handler.{u_1, u_3, u_2} S M) (operation : «ROOT».Signature.Op.{u_3, u_1} S)   (next : «ROOT».Signature.Answer.{u_3, u_1} S operation → «ROOT».Program.{u_1, u_3} S A),   @Eq.{u_2 + 1} (M A)     (@«ROOT».interpret.{u_1, u_2, u_3} M S A inst handler (@«ROOT».Program.vis.{u_1, u_3} S A operation next))     (@Bind.bind.{u_1, u_2} M (@Monad.toBind.{u_1, u_2} M inst) («ROOT».Signature.Answer.{u_3, u_1} S operation) A       (@«ROOT».Handler.handle.{u_1, u_3, u_2} S M handler operation)       fun (answer : «ROOT».Signature.Answer.{u_3, u_1} S operation) =>       @«ROOT».interpret.{u_1, u_2, u_3} M S A inst handler (next answer))		
«ROOT».leftInjectionHandler	«ROOT».Algebra.Sum	def	u_1,u_2,u_3	{S : «ROOT».Signature.{u_1, u_2}} →   {T : «ROOT».Signature.{u_3, u_2}} →     «ROOT».Handler.{u_2, u_1, max (max u_3 u_1) u_2} S       («ROOT».Program.{u_2, max u_3 u_1} («ROOT».Signature.sum.{u_2, u_1, u_3} S T))	fun {S : «ROOT».Signature.{u_1, u_2}} {T : «ROOT».Signature.{u_3, u_2}} =>   @«ROOT».Handler.mk.{u_2, u_1, max (max u_1 u_3) u_2} S     («ROOT».Program.{u_2, max u_3 u_1} («ROOT».Signature.sum.{u_2, u_1, u_3} S T))     fun (operation : «ROOT».Signature.Op.{u_1, u_2} S) =>     @«ROOT».Program.vis.{u_2, max u_3 u_1} («ROOT».Signature.sum.{u_2, u_1, u_3} S T)       («ROOT».Signature.Answer.{u_1, u_2} S operation)       (@Sum.inl.{u_1, u_3} («ROOT».Signature.Op.{u_1, u_2} S) («ROOT».Signature.Op.{u_3, u_2} T) operation)       fun (answer : «ROOT».Signature.Answer.{u_1, u_2} S operation) =>       @«ROOT».Program.pure.{u_2, max u_3 u_1} («ROOT».Signature.sum.{u_2, u_1, u_3} S T)         («ROOT».Signature.Answer.{u_1, u_2} S operation) answer	
«ROOT».leftInjectionHandler.eq_1	«ROOT».Algebra.Sum	theorem	u_1,u_2,u_3	∀ {S : «ROOT».Signature.{u_1, u_2}} {T : «ROOT».Signature.{u_3, u_2}},   @Eq.{max (u_1 + 1) ((max (max u_3 u_1) u_2) + 1)}     («ROOT».Handler.{u_2, u_1, max (max u_3 u_1) u_2} S       («ROOT».Program.{u_2, max u_3 u_1} («ROOT».Signature.sum.{u_2, u_1, u_3} S T)))     (@«ROOT».leftInjectionHandler.{u_1, u_2, u_3} S T)     (@«ROOT».Handler.mk.{u_2, u_1, max (max u_1 u_3) u_2} S       («ROOT».Program.{u_2, max u_3 u_1} («ROOT».Signature.sum.{u_2, u_1, u_3} S T))       fun (operation : «ROOT».Signature.Op.{u_1, u_2} S) =>       @«ROOT».Program.vis.{u_2, max u_3 u_1} («ROOT».Signature.sum.{u_2, u_1, u_3} S T)         («ROOT».Signature.Answer.{u_1, u_2} S operation)         (@Sum.inl.{u_1, u_3} («ROOT».Signature.Op.{u_1, u_2} S) («ROOT».Signature.Op.{u_3, u_2} T) operation)         fun (answer : «ROOT».Signature.Answer.{u_1, u_2} S operation) =>         @«ROOT».Program.pure.{u_2, max u_3 u_1} («ROOT».Signature.sum.{u_2, u_1, u_3} S T)           («ROOT».Signature.Answer.{u_1, u_2} S operation) answer)		
«ROOT».leftUnit_of_lawful	«ROOT».Algebra.MonadLaws	theorem	u,v	∀ {M : Type u → Type v} [inst : Monad.{u, v} M] [@LawfulMonad.{u, v} M inst], @«ROOT».LeftUnit.{u, v} M inst		
«ROOT».program_is_free	«ROOT».Algebra.Universal	theorem	uAns,u_1,u_2	∀ {M : Type uAns → Type u_1} {S : «ROOT».Signature.{u_2, uAns}} [inst : Monad.{uAns, u_1} M]   (rightUnit : @«ROOT».RightUnit.{uAns, u_1} M inst) (map : {A : Type uAns} → «ROOT».Program.{uAns, u_2} S A → M A)   (laws : @«ROOT».IsMonadMorphism.{uAns, u_2, u_1} S M inst fun {A : Type uAns} => @map A),   @Exists.{max (u_1 + 1) (u_2 + 1)} («ROOT».Handler.{uAns, u_2, u_1} S M)     fun (handler : «ROOT».Handler.{uAns, u_2, u_1} S M) =>     And       (∀ {A : Type uAns} (program : «ROOT».Program.{uAns, u_2} S A),         @Eq.{u_1 + 1} (M A) (@map A program) (@«ROOT».interpret.{uAns, u_1, u_2} M S A inst handler program))       (∀ (other : «ROOT».Handler.{uAns, u_2, u_1} S M),         (∀ {A : Type uAns} (program : «ROOT».Program.{uAns, u_2} S A),             @Eq.{u_1 + 1} (M A) (@map A program) (@«ROOT».interpret.{uAns, u_1, u_2} M S A inst other program)) →           @Eq.{max (u_1 + 1) (u_2 + 1)} («ROOT».Handler.{uAns, u_2, u_1} S M) other handler)		Quot.sound,propext
«ROOT».program_is_initial_in_models	«ROOT».Algebra.Universal	theorem	uAns,u_1,u_2	∀ {M : Type uAns → Type u_1} {S : «ROOT».Signature.{u_2, uAns}} [inst : Monad.{uAns, u_1} M]   (leftUnit : @«ROOT».LeftUnit.{uAns, u_1} M inst) (assoc : @«ROOT».BindAssoc.{uAns, u_1} M inst)   (rightUnit : @«ROOT».RightUnit.{uAns, u_1} M inst) (handler : «ROOT».Handler.{uAns, u_2, u_1} S M),   @Exists.{max (max (uAns + 2) (u_1 + 1)) (u_2 + 1)} ({A : Type uAns} → «ROOT».Program.{uAns, u_2} S A → M A)     fun (map : {A : Type uAns} → «ROOT».Program.{uAns, u_2} S A → M A) =>     And       (And (@«ROOT».IsMonadMorphism.{uAns, u_2, u_1} S M inst fun {A : Type uAns} => @map A)         (∀ (operation : «ROOT».Signature.Op.{u_2, uAns} S),           @Eq.{u_1 + 1} (M («ROOT».Signature.Answer.{u_2, uAns} S operation))             (@map («ROOT».Signature.Answer.{u_2, uAns} S operation) (@«ROOT».Program.perform.{u_2, uAns} S operation))             (@«ROOT».Handler.handle.{uAns, u_2, u_1} S M handler operation)))       (∀ (other : {A : Type uAns} → «ROOT».Program.{uAns, u_2} S A → M A),         (@«ROOT».IsMonadMorphism.{uAns, u_2, u_1} S M inst fun {A : Type uAns} => @other A) →           (∀ (operation : «ROOT».Signature.Op.{u_2, uAns} S),               @Eq.{u_1 + 1} (M («ROOT».Signature.Answer.{u_2, uAns} S operation))                 (@other («ROOT».Signature.Answer.{u_2, uAns} S operation)                   (@«ROOT».Program.perform.{u_2, uAns} S operation))                 (@«ROOT».Handler.handle.{uAns, u_2, u_1} S M handler operation)) →             ∀ {A : Type uAns} (program : «ROOT».Program.{uAns, u_2} S A),               @Eq.{u_1 + 1} (M A) (@other A program) (@map A program))		Quot.sound,propext
«ROOT».program_is_initial_in_models_eq	«ROOT».Algebra.Universal	theorem	u_1,u_2,u_3	∀ {M : Type u_1 → Type u_2} {S : «ROOT».Signature.{u_3, u_1}} [inst : Monad.{u_1, u_2} M]   (leftUnit : @«ROOT».LeftUnit.{u_1, u_2} M inst) (assoc : @«ROOT».BindAssoc.{u_1, u_2} M inst)   (rightUnit : @«ROOT».RightUnit.{u_1, u_2} M inst) (handler : «ROOT».Handler.{u_1, u_3, u_2} S M),   @Exists.{max (max (u_2 + 1) (u_1 + 2)) (u_3 + 1)} (@«ROOT».ModelMorphism.{u_1, u_3, u_2} S M inst)     fun (morphism : @«ROOT».ModelMorphism.{u_1, u_3, u_2} S M inst) =>     And       (∀ (operation : «ROOT».Signature.Op.{u_3, u_1} S),         @Eq.{u_2 + 1} (M («ROOT».Signature.Answer.{u_3, u_1} S operation))           (@«ROOT».ModelMorphism.map.{u_1, u_3, u_2} S M inst morphism             («ROOT».Signature.Answer.{u_3, u_1} S operation) (@«ROOT».Program.perform.{u_3, u_1} S operation))           (@«ROOT».Handler.handle.{u_1, u_3, u_2} S M handler operation))       (∀ (other : @«ROOT».ModelMorphism.{u_1, u_3, u_2} S M inst),         (∀ (operation : «ROOT».Signature.Op.{u_3, u_1} S),             @Eq.{u_2 + 1} (M («ROOT».Signature.Answer.{u_3, u_1} S operation))               (@«ROOT».ModelMorphism.map.{u_1, u_3, u_2} S M inst other                 («ROOT».Signature.Answer.{u_3, u_1} S operation) (@«ROOT».Program.perform.{u_3, u_1} S operation))               (@«ROOT».Handler.handle.{u_1, u_3, u_2} S M handler operation)) →           @Eq.{max (max (u_2 + 1) (u_1 + 2)) (u_3 + 1)} (@«ROOT».ModelMorphism.{u_1, u_3, u_2} S M inst) other             morphism)		Quot.sound,propext
«ROOT».rightInjectionHandler	«ROOT».Algebra.Sum	def	u_1,u_2,u_3	{T : «ROOT».Signature.{u_1, u_2}} →   {S : «ROOT».Signature.{u_3, u_2}} →     «ROOT».Handler.{u_2, u_1, max (max u_1 u_3) u_2} T       («ROOT».Program.{u_2, max u_1 u_3} («ROOT».Signature.sum.{u_2, u_3, u_1} S T))	fun {T : «ROOT».Signature.{u_1, u_2}} {S : «ROOT».Signature.{u_3, u_2}} =>   @«ROOT».Handler.mk.{u_2, u_1, max (max u_1 u_3) u_2} T     («ROOT».Program.{u_2, max u_1 u_3} («ROOT».Signature.sum.{u_2, u_3, u_1} S T))     fun (operation : «ROOT».Signature.Op.{u_1, u_2} T) =>     @«ROOT».Program.vis.{u_2, max u_1 u_3} («ROOT».Signature.sum.{u_2, u_3, u_1} S T)       («ROOT».Signature.Answer.{u_1, u_2} T operation)       (@Sum.inr.{u_3, u_1} («ROOT».Signature.Op.{u_3, u_2} S) («ROOT».Signature.Op.{u_1, u_2} T) operation)       fun (answer : «ROOT».Signature.Answer.{u_1, u_2} T operation) =>       @«ROOT».Program.pure.{u_2, max u_3 u_1} («ROOT».Signature.sum.{u_2, u_3, u_1} S T)         («ROOT».Signature.Answer.{u_1, u_2} T operation) answer	
«ROOT».rightInjectionHandler.eq_1	«ROOT».Algebra.Sum	theorem	u_1,u_2,u_3	∀ {T : «ROOT».Signature.{u_1, u_2}} {S : «ROOT».Signature.{u_3, u_2}},   @Eq.{max (u_1 + 1) ((max (max u_1 u_3) u_2) + 1)}     («ROOT».Handler.{u_2, u_1, max (max u_1 u_3) u_2} T       («ROOT».Program.{u_2, max u_1 u_3} («ROOT».Signature.sum.{u_2, u_3, u_1} S T)))     (@«ROOT».rightInjectionHandler.{u_1, u_2, u_3} T S)     (@«ROOT».Handler.mk.{u_2, u_1, max (max u_1 u_3) u_2} T       («ROOT».Program.{u_2, max u_1 u_3} («ROOT».Signature.sum.{u_2, u_3, u_1} S T))       fun (operation : «ROOT».Signature.Op.{u_1, u_2} T) =>       @«ROOT».Program.vis.{u_2, max u_1 u_3} («ROOT».Signature.sum.{u_2, u_3, u_1} S T)         («ROOT».Signature.Answer.{u_1, u_2} T operation)         (@Sum.inr.{u_3, u_1} («ROOT».Signature.Op.{u_3, u_2} S) («ROOT».Signature.Op.{u_1, u_2} T) operation)         fun (answer : «ROOT».Signature.Answer.{u_1, u_2} T operation) =>         @«ROOT».Program.pure.{u_2, max u_3 u_1} («ROOT».Signature.sum.{u_2, u_3, u_1} S T)           («ROOT».Signature.Answer.{u_1, u_2} T operation) answer)		
«ROOT».rightUnit_of_lawful	«ROOT».Algebra.MonadLaws	theorem	u,v	∀ {M : Type u → Type v} [inst : Monad.{u, v} M] [@LawfulMonad.{u, v} M inst], @«ROOT».RightUnit.{u, v} M inst		
«ROOT».«_aux_«ROOT»_Algebra_Signature___macroRules_«ROOT»_term_⊕ₛ__1»	«ROOT».Algebra.Signature	def		Lean.Macro	fun (x : Lean.Syntax) =>   have __discr : Lean.Syntax := x;   @ite.{1} (Lean.MacroM Lean.Syntax)     (@Eq.{1} Bool (Lean.Syntax.isOfKind __discr (Lean.Name.mkStr2 "«ROOT»" "term_⊕ₛ_")) Bool.true)     (instDecidableEqBool (Lean.Syntax.isOfKind __discr (Lean.Name.mkStr2 "«ROOT»" "term_⊕ₛ_")) Bool.true)     (have __discr_1 : Lean.Syntax :=       Lean.Syntax.getArg __discr (@OfNat.ofNat.{0} Nat (nat_lit 0) (instOfNatNat (nat_lit 0)));     have __discr_2 : Lean.Syntax :=       Lean.Syntax.getArg __discr (@OfNat.ofNat.{0} Nat (nat_lit 1) (instOfNatNat (nat_lit 1)));     have __discr : Lean.Syntax :=       Lean.Syntax.getArg __discr (@OfNat.ofNat.{0} Nat (nat_lit 2) (instOfNatNat (nat_lit 2)));     have rhs :       Lean.TSyntax (@List.cons.{0} Lean.SyntaxNodeKind (Lean.Name.mkStr1 "term") (@List.nil.{0} Lean.SyntaxNodeKind)) :=       @Lean.TSyntax.mk         (@List.cons.{0} Lean.SyntaxNodeKind (Lean.Name.mkStr1 "term") (@List.nil.{0} Lean.SyntaxNodeKind)) __discr;     have lhs :       Lean.TSyntax (@List.cons.{0} Lean.SyntaxNodeKind (Lean.Name.mkStr1 "term") (@List.nil.{0} Lean.SyntaxNodeKind)) :=       @Lean.TSyntax.mk         (@List.cons.{0} Lean.SyntaxNodeKind (Lean.Name.mkStr1 "term") (@List.nil.{0} Lean.SyntaxNodeKind)) __discr_1;     @Bind.bind.{0, 0} Lean.MacroM       (@Monad.toBind.{0, 0} Lean.MacroM         (@ReaderT.instMonad.{0, 0} Lean.Macro.Context (EStateM.{0} Lean.Macro.Exception Lean.Macro.State)           (@EStateM.instMonad.{0} Lean.Macro.Exception Lean.Macro.State)))       Lean.SourceInfo Lean.Syntax       (@Lean.MonadRef.mkInfoFromRefPos Lean.MacroM         (@ReaderT.instMonad.{0, 0} Lean.Macro.Context (EStateM.{0} Lean.Macro.Exception Lean.Macro.State)           (@EStateM.instMonad.{0} Lean.Macro.Exception Lean.Macro.State))         Lean.Macro.instMonadRefMacroM)       fun (info : Lean.SourceInfo) =>       @Bind.bind.{0, 0} Lean.MacroM         (@Monad.toBind.{0, 0} Lean.MacroM           (@ReaderT.instMonad.{0, 0} Lean.Macro.Context (EStateM.{0} Lean.Macro.Exception Lean.Macro.State)             (@EStateM.instMonad.{0} Lean.Macro.Exception Lean.Macro.State)))         Lean.MacroScope Lean.Syntax         (@Lean.MonadQuotation.getCurrMacroScope Lean.MacroM Lean.Macro.instMonadQuotationMacroM)         fun (scp : Lean.MacroScope) =>         @Bind.bind.{0, 0} Lean.MacroM           (@Monad.toBind.{0, 0} Lean.MacroM             (@ReaderT.instMonad.{0, 0} Lean.Macro.Context (EStateM.{0} Lean.Macro.Exception Lean.Macro.State)               (@EStateM.instMonad.{0} Lean.Macro.Exception Lean.Macro.State)))           Lean.Name Lean.Syntax (@Lean.MonadQuotation.getContext Lean.MacroM Lean.Macro.instMonadQuotationMacroM)           fun (quotCtx : Lean.Name) =>           @Pure.pure.{0, 0} Lean.MacroM             (@Applicative.toPure.{0, 0} Lean.MacroM               (@ReaderT.instApplicativeOfMonad.{0, 0} Lean.Macro.Context                 (EStateM.{0} Lean.Macro.Exception Lean.Macro.State)                 (@EStateM.instMonad.{0} Lean.Macro.Exception Lean.Macro.State)))             Lean.Syntax             (@Lean.TSyntax.raw               (@List.cons.{0} Lean.SyntaxNodeKind (Lean.Name.mkStr1 "term") (@List.nil.{0} Lean.SyntaxNodeKind))               (@Lean.TSyntax.mk                 (@List.cons.{0} Lean.SyntaxNodeKind (Lean.Name.mkStr1 "term") (@List.nil.{0} Lean.SyntaxNodeKind))                 (Lean.Syntax.node2 info (Lean.Name.mkStr4 "Lean" "Parser" "Term" "app")                   (Lean.Syntax.ident info (String.toRawSubstring' "Signature.sum")                     (Lean.addMacroScope quotCtx (Lean.Name.mkStr2 "Signature" "sum") scp)                     (@List.cons.{0} Lean.Syntax.Preresolved                       (Lean.Syntax.Preresolved.decl (Lean.Name.mkStr3 "«ROOT»" "Signature" "sum")                         (@List.nil.{0} String))                       (@List.nil.{0} Lean.Syntax.Preresolved)))                   (Lean.Syntax.node2 info (Lean.Name.mkStr1 "null")                     (@Lean.TSyntax.raw                       (@List.cons.{0} Lean.SyntaxNodeKind (Lean.Name.mkStr1 "term") (@List.nil.{0} Lean.SyntaxNodeKind))                       lhs)                     (@Lean.TSyntax.raw                       (@List.cons.{0} Lean.SyntaxNodeKind (Lean.Name.mkStr1 "term") (@List.nil.{0} Lean.SyntaxNodeKind))                       rhs))))))     (have __discr : Lean.Syntax := x;     @MonadExcept.throw.{0, 0, 0} Lean.Macro.Exception Lean.MacroM       (@instMonadExceptOfMonadExceptOf.{0, 0, 0} Lean.Macro.Exception Lean.MacroM         (@ReaderT.instMonadExceptOf.{0, 0, 0} Lean.Macro.Context (EStateM.{0} Lean.Macro.Exception Lean.Macro.State)           Lean.Macro.Exception           (@EStateM.instMonadExceptOfOfBacktrackable.{0} Lean.Macro.Exception Lean.Macro.State PUnit.{1}             (@EStateM.nonBacktrackable.{0} Lean.Macro.State))))       Lean.Syntax Lean.Macro.Exception.unsupportedSyntax)	
«ROOT».«term_⊕ₛ_»	«ROOT».Algebra.Signature	def		Lean.TrailingParserDescr	Lean.ParserDescr.trailingNode (Lean.Name.mkStr2 "«ROOT»" "term_⊕ₛ_")   (@OfNat.ofNat.{0} Nat (nat_lit 65) (instOfNatNat (nat_lit 65)))   (@OfNat.ofNat.{0} Nat (nat_lit 65) (instOfNatNat (nat_lit 65)))   (Lean.ParserDescr.binary (Lean.Name.mkStr1 "andthen") (Lean.ParserDescr.symbol " ⊕ₛ ")     (Lean.ParserDescr.cat (Lean.Name.mkStr1 "term") (@OfNat.ofNat.{0} Nat (nat_lit 66) (instOfNatNat (nat_lit 66)))))	
